story_id,date,time,type,views,reach,replies,shares,total_interactions,profile_visits,follows,taps_forward,taps_back,swipes_forward,exits,exit_rate,permalink,pulled_at
18113172095062071,2026-08-10,21:55,VIDEO,4121,3355,0,0,18,7,0,2844,219,204,400,14.7,https://www.instagram.com/stories/kan_news/3960833116079305553,2026-08-11 08:43
18092875202642426,2026-08-10,20:46,VIDEO,4760,4090,0,0,16,2,0,3545,159,226,240,9.8,https://www.instagram.com/stories/kan_news/3960798475708410212,2026-08-11 08:43
18132015232722559,2026-08-10,17:20,VIDEO,5839,4792,1,7,20,2,0,3592,489,232,383,10.5,https://www.instagram.com/stories/kan_news/3960694898008716257,2026-08-11 08:43
18115444600931510,2026-08-10,16:27,VIDEO,6150,4912,1,0,4,2,0,2877,333,183,276,7.5,https://www.instagram.com/stories/kan_news/3960668174797700565,2026-08-11 08:43
18196879099374038,2026-08-10,15:51,IMAGE,6150,5204,3,0,22,3,0,4502,244,286,326,10,https://www.instagram.com/stories/kan_news/3960650045221037121,2026-08-11 08:43
18084837809228761,2026-08-10,10:01,VIDEO,7481,5953,3,5,34,13,0,4974,703,346,573,12.3,https://www.instagram.com/stories/kan_news/3960473832988497928,2026-08-11 08:43
18091489772645478,2026-08-10,10:01,IMAGE,8083,6232,3,2,11,9,0,5583,789,341,293,7.8,https://www.instagram.com/stories/kan_news/3960473691045234740,2026-08-11 08:43
18105376745465892,2026-08-10,10:01,IMAGE,8617,6686,1,0,15,10,0,4819,188,881,530,16.4,https://www.instagram.com/stories/kan_news/3960473599382955885,2026-08-11 08:43
18628548829016904,2026-08-10,20:47,IMAGE,4665,3920,1,0,12,2,0,3262,184,139,250,8.3,https://www.instagram.com/stories/kan_news/3960798828114235605,2026-08-11 08:43
18083715941296125,2026-08-09,16:00,IMAGE,7476,5951,3,1,8,4,0,5260,636,355,458,10.9,https://www.instagram.com/stories/kan_news/3959929563878508200,2026-08-10 08:40
17931397878367499,2026-08-09,15:58,IMAGE,8214,6580,0,43,53,3,0,5398,260,778,496,15.5,https://www.instagram.com/stories/kan_news/3959928592972450962,2026-08-10 08:40
18485336653100886,2026-08-09,21:23,IMAGE,5110,4039,2,0,9,2,0,3584,361,229,216,8.7,https://www.instagram.com/stories/kan_news/3960092518754512874,2026-08-10 08:40
18101432444243984,2026-08-09,19:56,IMAGE,6033,4787,3,3,11,4,0,4140,288,278,377,10.9,https://www.instagram.com/stories/kan_news/3960048443540097125,2026-08-10 08:40
17896439376377966,2026-08-09,21:40,VIDEO,4645,3578,0,16,23,3,0,2744,325,262,496,16.3,https://www.instagram.com/stories/kan_news/3960100726067321406,2026-08-10 08:40
17913780438430443,2026-08-08,23:19,VIDEO,8399,6960,4,8,28,4,0,5356,268,485,395,10.5,https://www.instagram.com/stories/kan_news/3959425922691630833,2026-08-09 08:39
18614057080056096,2026-08-08,23:19,VIDEO,6385,5443,3,4,11,2,0,4604,269,87,127,3.4,https://www.instagram.com/stories/kan_news/3959426147447666149,2026-08-09 08:39
17885330943673058,2026-08-08,11:09,VIDEO,20342,17325,1,7,46,26,0,12780,428,2232,1622,18.9,https://www.instagram.com/stories/kan_news/3959058589733227012,2026-08-09 08:39
17978436729078442,2026-08-08,17:19,VIDEO,14350,12067,3,6,23,15,2,9183,531,1297,1291,18,https://www.instagram.com/stories/kan_news/3959244535946703294,2026-08-09 08:39
18117663122506147,2026-08-08,23:19,VIDEO,7526,6232,1,0,14,7,0,5309,302,263,364,8.3,https://www.instagram.com/stories/kan_news/3959426015117315729,2026-08-09 08:39
18116424623296640,2026-08-08,23:19,VIDEO,7656,6545,16,1,140,4,0,5680,292,294,272,7.4,https://www.instagram.com/stories/kan_news/3959425955180719478,2026-08-09 08:39
18348528916169665,2026-08-08,23:19,VIDEO,6820,6020,5,1,15,0,0,5377,307,154,196,5.1,https://www.instagram.com/stories/kan_news/3959426079667662496,2026-08-09 08:39
18082329350271120,2026-08-08,23:19,VIDEO,6636,5716,2,6,24,4,0,5442,248,104,187,4.4,https://www.instagram.com/stories/kan_news/3959426113608001777,2026-08-09 08:39
18087837539155346,2026-08-08,23:20,VIDEO,6686,5353,0,0,12,7,0,3954,262,195,417,9.2,https://www.instagram.com/stories/kan_news/3959426205152876340,2026-08-09 08:39
18108730025007343,2026-08-07,17:53,IMAGE,8468,7134,3,1,16,3,0,6078,344,294,338,7.5,https://www.instagram.com/stories/kan_news/3958536840554457936,2026-08-08 08:40
17876338038624099,2026-08-07,17:52,VIDEO,8851,7387,10,2,46,4,0,6323,441,398,391,8.9,https://www.instagram.com/stories/kan_news/3958536605815408699,2026-08-08 08:40
18112687513895847,2026-08-07,10:42,IMAGE,12131,9093,11,2,40,5,0,8395,1106,474,459,7.7,https://www.instagram.com/stories/kan_news/3958319875139213238,2026-08-08 08:40
18055493741554693,2026-08-07,19:20,VIDEO,8059,6422,4,0,45,1,0,4254,441,240,353,7.4,https://www.instagram.com/stories/kan_news/3958581087155958684,2026-08-08 08:40
18016726829875651,2026-08-07,14:01,VIDEO,10721,8364,1,12,33,9,0,5875,778,438,491,8.7,https://www.instagram.com/stories/kan_news/3958420250235646468,2026-08-08 08:40
18092807645159979,2026-08-07,10:41,IMAGE,13109,10001,4,1,37,8,0,8005,424,1141,656,13.7,https://www.instagram.com/stories/kan_news/3958319620192712893,2026-08-08 08:40
18121445350849278,2026-08-07,21:03,VIDEO,7116,5608,3,2,45,7,0,4534,538,452,528,13.8,https://www.instagram.com/stories/kan_news/3958632458035061535,2026-08-08 08:40
17950043337233382,2026-08-06,13:50,IMAGE,7620,6465,10,1,46,0,0,6185,446,206,146,4.6,https://www.instagram.com/stories/kan_news/3957690027479897771,2026-08-07 08:38
18435752926122367,2026-08-06,13:53,IMAGE,7668,6135,13,0,47,3,0,5822,339,107,197,4,https://www.instagram.com/stories/kan_news/3957691419074248737,2026-08-07 08:38
17901230967518438,2026-08-06,13:54,VIDEO,7177,5903,11,1,74,2,1,5596,635,107,126,3.2,https://www.instagram.com/stories/kan_news/3957691760179828543,2026-08-07 08:38
18137649019574535,2026-08-06,22:03,IMAGE,4526,3628,1,0,13,2,0,2944,160,186,503,15.2,https://www.instagram.com/stories/kan_news/3957938201922406011,2026-08-07 08:37
18131365849617522,2026-08-06,13:54,VIDEO,6727,5878,8,2,62,1,0,5316,344,112,158,4,https://www.instagram.com/stories/kan_news/3957691882838069769,2026-08-07 08:38
17958517326178782,2026-08-06,13:36,VIDEO,9031,7552,5,13,41,16,0,6041,237,859,528,15.4,https://www.instagram.com/stories/kan_news/3957682732141809798,2026-08-07 08:38
18060879623767734,2026-08-06,13:52,IMAGE,7326,6264,9,1,43,3,0,5987,489,162,124,3.9,https://www.instagram.com/stories/kan_news/3957690884988590434,2026-08-07 08:38
18094724006066235,2026-08-06,13:53,IMAGE,7707,6027,2,0,17,2,0,5951,660,107,156,3.4,https://www.instagram.com/stories/kan_news/3957691561613613214,2026-08-07 08:38
17937329535351292,2026-08-06,13:50,IMAGE,8161,6928,16,4,56,2,0,6002,413,416,212,7.7,https://www.instagram.com/stories/kan_news/3957689837989561237,2026-08-07 08:38
18065078675755328,2026-08-06,20:43,IMAGE,5444,4150,3,1,17,2,1,3915,337,79,196,5.1,https://www.instagram.com/stories/kan_news/3957897856987746434,2026-08-07 08:37
18101532506337760,2026-08-06,17:32,VIDEO,6553,5127,8,4,20,1,0,3856,573,140,150,4.4,https://www.instagram.com/stories/kan_news/3957801880775733829,2026-08-07 08:37
18046177718597986,2026-08-06,19:02,IMAGE,6248,4646,2,0,9,0,0,4608,704,79,145,3.6,https://www.instagram.com/stories/kan_news/3957846804347461801,2026-08-07 08:37
18111180577769951,2026-08-06,19:01,IMAGE,6133,4800,1,0,9,0,0,3940,259,123,146,4.4,https://www.instagram.com/stories/kan_news/3957846636642263416,2026-08-07 08:37
18112168612974046,2026-08-06,17:32,VIDEO,6125,5047,6,2,67,5,0,4362,505,142,265,6.6,https://www.instagram.com/stories/kan_news/3957801944462024293,2026-08-07 08:37
17943929937057708,2026-08-06,20:52,VIDEO,5215,4316,3,1,36,2,0,3539,401,84,217,5.8,https://www.instagram.com/stories/kan_news/3957902132744726986,2026-08-07 08:37
18077416970449654,2026-08-06,19:02,IMAGE,5939,4550,0,0,11,0,0,4225,503,92,154,4.1,https://www.instagram.com/stories/kan_news/3957846956541992139,2026-08-07 08:37
18129115897643645,2026-08-06,14:22,IMAGE,7584,6099,1,3,35,4,0,4879,209,196,345,7.1,https://www.instagram.com/stories/kan_news/3957706009749307462,2026-08-07 08:37
18210326053349526,2026-08-06,19:50,VIDEO,5864,4597,9,1,42,1,0,3728,545,85,204,4.9,https://www.instagram.com/stories/kan_news/3957870953639324990,2026-08-07 08:37
18350858254216932,2026-08-05,19:35,IMAGE,6757,5597,1,0,9,1,0,4613,215,228,229,6.8,https://www.instagram.com/stories/kan_news/3957138983477824564,2026-08-06 08:43
17979882555113342,2026-08-05,21:25,IMAGE,6043,4710,1,0,14,2,0,4061,427,166,252,6.9,https://www.instagram.com/stories/kan_news/3957194053414075790,2026-08-06 08:43
17964797955141509,2026-08-05,22:26,VIDEO,5051,4200,2,1,9,6,0,3817,342,135,211,6.9,https://www.instagram.com/stories/kan_news/3957225056677049560,2026-08-06 08:42
18177416284419900,2026-08-05,19:34,VIDEO,7163,6014,0,5,62,5,0,4791,389,496,378,12.2,https://www.instagram.com/stories/kan_news/3957138562352294158,2026-08-06 08:43
18424043683197446,2026-08-05,22:16,VIDEO,5642,4444,0,4,9,1,0,4318,382,145,217,6.4,https://www.instagram.com/stories/kan_news/3957220109059287932,2026-08-06 08:43
18373383595230294,2026-08-05,19:17,VIDEO,9393,7693,1,5,36,14,1,4566,112,1100,718,19.4,https://www.instagram.com/stories/kan_news/3957129790208739437,2026-08-06 08:43
18145821772477246,2026-08-05,23:04,IMAGE,4801,3696,2,0,7,9,0,2896,176,192,357,11.4,https://www.instagram.com/stories/kan_news/3957243810341894916,2026-08-06 08:42
18124822465745084,2026-08-05,21:24,VIDEO,6298,4880,0,1,30,5,0,4071,456,206,256,7.3,https://www.instagram.com/stories/kan_news/3957193818650072681,2026-08-06 08:43
17875572753688258,2026-08-04,19:24,VIDEO,5740,4935,0,1,8,8,0,4386,159,363,491,14.9,https://www.instagram.com/stories/kan_news/3956408910138713965,2026-08-05 08:46
18124176760684057,2026-08-04,15:01,IMAGE,8657,6880,1,0,10,12,0,5772,157,835,546,16,https://www.instagram.com/stories/kan_news/3956276022886497700,2026-08-05 08:46
18171824395432137,2026-08-04,16:07,VIDEO,7903,6247,2,6,19,9,0,4543,566,409,563,12.3,https://www.instagram.com/stories/kan_news/3956309562017098956,2026-08-05 08:46
18125642023735747,2026-08-04,18:41,VIDEO,6406,5576,3,0,39,7,0,5075,305,279,313,9.2,https://www.instagram.com/stories/kan_news/3956387079079985971,2026-08-05 08:46
18101681318614056,2026-08-03,21:52,IMAGE,5639,4681,3,0,14,10,0,4333,265,231,261,8.7,https://www.instagram.com/stories/kan_news/3955758339975727984,2026-08-04 08:38
18109715834111515,2026-08-03,14:20,VIDEO,10079,8449,2,1,33,20,0,5858,295,1364,949,22.9,https://www.instagram.com/stories/kan_news/3955530597111325692,2026-08-04 08:38
17882611932613794,2026-08-03,23:01,VIDEO,4752,3827,0,0,28,10,0,2987,208,329,418,15.7,https://www.instagram.com/stories/kan_news/3955793066262167357,2026-08-04 08:38
17891648304666332,2026-08-03,21:52,VIDEO,5888,4908,6,2,75,12,0,4323,391,294,207,8.5,https://www.instagram.com/stories/kan_news/3955758124060825142,2026-08-04 08:38
18553540078073615,2026-08-03,21:51,IMAGE,6466,5152,6,1,42,0,0,4340,343,372,253,9.7,https://www.instagram.com/stories/kan_news/3955757990263058100,2026-08-04 08:38
18019710119705622,2026-08-03,18:44,IMAGE,8306,6737,0,0,32,4,0,5162,245,674,522,14.4,https://www.instagram.com/stories/kan_news/3955663637767061420,2026-08-04 08:38
18087624680644877,2026-08-02,17:25,VIDEO,7164,5734,0,1,5,11,0,3766,309,561,447,14.1,https://www.instagram.com/stories/kan_news/3954899263678471538,2026-08-03 08:41
18014983331864182,2026-08-02,20:35,VIDEO,5561,4235,3,0,10,14,0,3547,329,508,681,21.4,https://www.instagram.com/stories/kan_news/3954994828445658901,2026-08-03 08:41
18221584279328739,2026-08-02,15:10,VIDEO,8227,6837,1,1,9,26,0,4775,96,1135,793,23.4,https://www.instagram.com/stories/kan_news/3954831210852838619,2026-08-03 08:42
18044259977604424,2026-08-01,17:37,VIDEO,8120,7093,1,2,33,5,0,5703,258,524,604,13.9,https://www.instagram.com/stories/kan_news/3954180545444984578,2026-08-02 08:40
17961905622158058,2026-08-01,19:26,VIDEO,6943,6041,8,6,35,16,0,4243,172,474,1131,23.1,https://www.instagram.com/stories/kan_news/3954235198803203147,2026-08-02 08:40
18111061555811581,2026-08-01,14:15,VIDEO,10192,8820,11,2,38,8,0,7332,310,672,711,13.6,https://www.instagram.com/stories/kan_news/3954078599816052843,2026-08-02 08:40
17931699534124076,2026-08-01,08:17,VIDEO,0,0,0,0,0,0,0,0,0,0,0,0,https://www.instagram.com/stories/kan_news/3953898701151405847,2026-08-01 08:40
17981398701101390,2026-08-01,11:50,VIDEO,11399,9814,8,12,74,11,0,7941,543,935,812,15.3,https://www.instagram.com/stories/kan_news/3954005628137138809,2026-08-02 08:40
18110811337961340,2026-07-31,13:56,VIDEO,8410,7238,6,2,37,2,0,6663,427,329,303,7.5,https://www.instagram.com/stories/kan_news/3953344425798855774,2026-08-01 08:40
18072359492391460,2026-07-31,00:10,VIDEO,6872,5556,11,4,23,2,0,4532,317,403,463,12.6,https://www.instagram.com/stories/kan_news/3952928783224467388,2026-07-31 08:37
18067641329480710,2026-07-31,12:19,IMAGE,10406,8695,4,0,21,8,0,7542,230,922,522,13.9,https://www.instagram.com/stories/kan_news/3953295401683565948,2026-08-01 08:40
18378544471230660,2026-07-31,12:19,VIDEO,9866,8211,3,5,37,5,0,7297,533,491,537,10.4,https://www.instagram.com/stories/kan_news/3953295514333783675,2026-08-01 08:40
18066113888491000,2026-07-31,13:57,VIDEO,9163,6872,2,0,19,5,0,4482,367,442,726,12.7,https://www.instagram.com/stories/kan_news/3953344710030051964,2026-08-01 08:40
18217429039337033,2026-07-30,14:41,VIDEO,14991,12150,5,7,51,12,0,10263,443,1401,1191,17.3,https://www.instagram.com/stories/kan_news/3952642260537083029,2026-07-31 08:37
17870948235627919,2026-07-30,20:39,VIDEO,11361,8597,0,0,10,16,0,8323,647,335,695,9.1,https://www.instagram.com/stories/kan_news/3952822345353315438,2026-07-31 08:37
17949913611233544,2026-07-30,20:27,IMAGE,11435,9294,2,0,18,3,0,8049,720,350,307,5.7,https://www.instagram.com/stories/kan_news/3952816596011664616,2026-07-31 08:37
17894208735572510,2026-07-30,20:27,VIDEO,12226,10077,8,7,45,13,0,8619,490,710,603,10.7,https://www.instagram.com/stories/kan_news/3952816369015381524,2026-07-31 08:37
17898819159487200,2026-07-30,20:38,VIDEO,11191,9118,6,14,37,9,0,8489,741,274,338,5.5,https://www.instagram.com/stories/kan_news/3952821817584035393,2026-07-31 08:37
18072284684422830,2026-07-29,14:27,VIDEO,4631,3827,4,0,16,1,0,3795,228,145,195,7.3,https://www.instagram.com/stories/kan_news/3951910398562832898,2026-07-30 08:40
18101795996229316,2026-07-29,11:24,VIDEO,5640,4664,4,20,78,7,0,4119,196,314,388,12.4,https://www.instagram.com/stories/kan_news/3951818128622789694,2026-07-30 08:40
18089452880129443,2026-07-29,21:13,VIDEO,3009,2454,0,0,5,5,0,1947,174,101,232,11.1,https://www.instagram.com/stories/kan_news/3952114738292470912,2026-07-30 08:39
18098068352251348,2026-07-29,10:54,VIDEO,6200,5347,1,2,21,14,0,4124,262,706,484,19.2,https://www.instagram.com/stories/kan_news/3951803083864074674,2026-07-30 08:40
18137046100508429,2026-07-29,14:01,VIDEO,7005,5693,8,20,87,2,0,3553,284,235,241,6.8,https://www.instagram.com/stories/kan_news/3951897348027853823,2026-07-30 08:40
18143889718555452,2026-07-29,14:27,VIDEO,4609,3726,4,2,32,7,0,3488,258,87,302,8.4,https://www.instagram.com/stories/kan_news/3951910476081923858,2026-07-30 08:40
17881730889614248,2026-07-29,19:11,VIDEO,3452,2937,2,1,33,2,0,2596,152,68,128,5.7,https://www.instagram.com/stories/kan_news/3952053209102683853,2026-07-30 08:39
18060356627744128,2026-07-29,22:59,VIDEO,2484,2014,3,2,17,1,0,1538,86,128,350,19.2,https://www.instagram.com/stories/kan_news/3952171334058008391,2026-07-30 08:39
18115369130294802,2026-07-29,19:11,IMAGE,3540,2851,0,0,6,5,0,2506,158,73,223,8.4,https://www.instagram.com/stories/kan_news/3952053379744395302,2026-07-30 08:39
18340071256271660,2026-07-29,19:11,VIDEO,3636,2993,0,0,13,1,0,2686,154,120,211,9.1,https://www.instagram.com/stories/kan_news/3952053160725602207,2026-07-30 08:39
18061617269772079,2026-07-29,11:24,IMAGE,5614,4496,5,1,34,10,0,4010,293,225,355,10.3,https://www.instagram.com/stories/kan_news/3951818280431875949,2026-07-30 08:40
18127213573580767,2026-07-29,14:38,VIDEO,4401,3595,7,7,29,8,0,3214,235,179,381,12.7,https://www.instagram.com/stories/kan_news/3951916256579463998,2026-07-30 08:39
18055805963787220,2026-07-28,12:23,IMAGE,7567,5930,1,1,8,6,0,5249,427,271,366,8.4,https://www.instagram.com/stories/kan_news/3951123024170213146,2026-07-29 08:39
18104331698154814,2026-07-28,10:30,IMAGE,8058,6552,2,0,10,3,0,5751,399,364,429,9.8,https://www.instagram.com/stories/kan_news/3951066536550744871,2026-07-29 08:39
17954681096998904,2026-07-28,13:50,IMAGE,7074,5487,0,0,6,7,0,4891,612,288,448,10.4,https://www.instagram.com/stories/kan_news/3951167182255876413,2026-07-29 08:39
17965048725131834,2026-07-28,22:15,IMAGE,4469,3345,3,0,6,10,0,2655,183,334,479,18.2,https://www.instagram.com/stories/kan_news/3951420996837944862,2026-07-29 08:39
18113075867289808,2026-07-28,08:28,VIDEO,230,23,0,0,0,0,0,17,1,1,5,2.6,https://www.instagram.com/stories/kan_news/3951004798794529216,2026-07-28 08:39
17940242880069014,2026-07-28,09:37,VIDEO,8870,7495,2,23,35,4,0,6537,350,433,418,9.6,https://www.instagram.com/stories/kan_news/3951039825737603075,2026-07-29 08:39
18111475084787409,2026-07-27,21:12,VIDEO,7170,6008,3,1,31,0,0,5683,260,214,342,7.8,https://www.instagram.com/stories/kan_news/3950664856235071296,2026-07-28 08:40
18114619576933037,2026-07-27,21:11,VIDEO,8158,6667,3,1,26,7,0,5457,520,449,389,10.3,https://www.instagram.com/stories/kan_news/3950664033782333470,2026-07-28 08:40
18439882804127023,2026-07-27,21:11,IMAGE,9227,7434,2,0,15,12,0,5632,82,1065,610,18.2,https://www.instagram.com/stories/kan_news/3950663974534088383,2026-07-28 08:40
18125160040683018,2026-07-27,21:49,IMAGE,7332,5390,2,4,12,8,0,4479,273,339,526,11.8,https://www.instagram.com/stories/kan_news/3950683369776033040,2026-07-28 08:39
18117323569809843,2026-07-27,21:11,VIDEO,7248,6144,0,6,19,1,0,5565,379,249,254,6.9,https://www.instagram.com/stories/kan_news/3950664143631187448,2026-07-28 08:40
18330123361282931,2026-07-26,18:50,VIDEO,6336,5514,9,0,54,6,0,4621,258,457,441,14.2,https://www.instagram.com/stories/kan_news/3949868312422407500,2026-07-27 08:38
18118321732856239,2026-07-26,17:23,VIDEO,7817,6446,3,1,40,10,0,4899,422,638,664,16.7,https://www.instagram.com/stories/kan_news/3949824873576155568,2026-07-27 08:38
17961896538161145,2026-07-26,13:55,IMAGE,10492,8288,7,0,18,20,0,5967,187,1223,1028,21.5,https://www.instagram.com/stories/kan_news/3949719999719466536,2026-07-27 08:38
17894233677603279,2026-07-26,20:46,IMAGE,5589,4694,2,0,10,5,0,3967,122,326,420,13.3,https://www.instagram.com/stories/kan_news/3949926600950916021,2026-07-27 08:38
18198067708331657,2026-07-26,21:47,VIDEO,4808,3867,1,0,5,8,0,3218,188,287,608,18.6,https://www.instagram.com/stories/kan_news/3949957780466755985,2026-07-27 08:38
18111072196787825,2026-07-25,00:36,VIDEO,2766,2341,0,4,20,5,0,1769,59,219,348,20.5,https://www.instagram.com/stories/kan_news/3948593185596521511,2026-07-25 08:39
18135955693593418,2026-07-25,20:17,VIDEO,8462,7110,1,1,7,32,0,5137,114,1030,1358,28.2,https://www.instagram.com/stories/kan_news/3949187567857065561,2026-07-26 08:36
17925314895385663,2026-07-24,16:40,VIDEO,10004,8616,0,5,56,4,0,7935,626,286,415,7,https://www.instagram.com/stories/kan_news/3948353364546449675,2026-07-25 08:39
18437667898125914,2026-07-24,16:53,VIDEO,9560,8012,1,3,62,7,0,5826,721,369,943,13.7,https://www.instagram.com/stories/kan_news/3948360008030399841,2026-07-25 08:39
17864019186640937,2026-07-24,16:02,VIDEO,12297,9883,6,8,90,9,0,7607,873,287,927,9.9,https://www.instagram.com/stories/kan_news/3948334285781641946,2026-07-25 08:39
18112262509905209,2026-07-24,16:53,VIDEO,9876,8424,2,4,67,8,0,7699,423,214,299,5.2,https://www.instagram.com/stories/kan_news/3948359955417053766,2026-07-25 08:39
18122948911771574,2026-07-24,15:24,VIDEO,14143,10161,3,5,30,12,0,9924,1099,540,1072,11.4,https://www.instagram.com/stories/kan_news/3948314961775866291,2026-07-25 08:39
18123013624755221,2026-07-24,16:02,IMAGE,12233,9727,14,5,63,4,1,9252,1021,317,309,5.1,https://www.instagram.com/stories/kan_news/3948334228202724584,2026-07-25 08:39
17966141288948312,2026-07-24,12:52,VIDEO,14176,11129,3,4,37,19,0,9967,733,802,964,12.5,https://www.instagram.com/stories/kan_news/3948238734041972322,2026-07-25 08:39
17979895974058024,2026-07-24,11:12,VIDEO,14713,12143,5,1,84,32,1,10184,377,1469,1073,17.3,https://www.instagram.com/stories/kan_news/3948188457087679299,2026-07-25 08:39
17994742919990413,2026-07-23,15:50,VIDEO,9258,7831,0,1,10,20,1,5488,154,1279,822,22.7,https://www.instagram.com/stories/kan_news/3947603522279545370,2026-07-24 09:19
18344765467222734,2026-07-23,17:16,VIDEO,7801,6767,0,14,27,10,0,5461,256,495,482,12.5,https://www.instagram.com/stories/kan_news/3947646937326599825,2026-07-24 09:19
18123249076826700,2026-07-23,17:18,IMAGE,7437,6324,1,1,9,5,0,5807,311,254,286,7.3,https://www.instagram.com/stories/kan_news/3947647823130498057,2026-07-24 09:19
18015134729864294,2026-07-23,17:18,IMAGE,7377,6023,0,0,5,10,0,4801,441,359,809,15.8,https://www.instagram.com/stories/kan_news/3947648016362029468,2026-07-24 09:19
18014519516874014,2026-07-22,18:37,IMAGE,11179,9182,11,4,31,4,0,8109,889,638,505,10.2,https://www.instagram.com/stories/kan_news/3946962695525968156,2026-07-23 08:35
18108635767818077,2026-07-22,19:43,VIDEO,9941,8101,18,0,61,23,0,6692,438,768,1000,17.8,https://www.instagram.com/stories/kan_news/3946996247751207481,2026-07-23 08:35
17900621769520315,2026-07-22,18:36,IMAGE,12881,10458,3,4,15,7,0,7647,184,1437,784,17.2,https://www.instagram.com/stories/kan_news/3946962442080874014,2026-07-23 08:35
17884003608609710,2026-07-21,20:40,IMAGE,8089,6333,4,1,19,6,0,5189,331,338,395,9.1,https://www.instagram.com/stories/kan_news/3946299823930189926,2026-07-22 08:37
18232233271315924,2026-07-21,17:10,VIDEO,9880,8076,4,8,33,7,0,7036,618,618,429,10.6,https://www.instagram.com/stories/kan_news/3946194449859774916,2026-07-22 08:38
17873407149625060,2026-07-21,22:13,IMAGE,6826,5171,2,1,26,3,0,4457,566,375,473,12.4,https://www.instagram.com/stories/kan_news/3946346493187313543,2026-07-22 08:37
18183163894396692,2026-07-21,15:42,IMAGE,11168,9196,4,0,72,11,0,6799,220,1215,711,17.2,https://www.instagram.com/stories/kan_news/3946149867000860699,2026-07-22 08:38
17980132719107568,2026-07-21,17:35,VIDEO,9226,7508,2,11,37,11,0,6217,581,422,481,9.8,https://www.instagram.com/stories/kan_news/3946206782413752409,2026-07-22 08:38
17942492343271391,2026-07-21,18:18,VIDEO,8841,7107,7,9,30,2,0,6272,403,407,605,11.4,https://www.instagram.com/stories/kan_news/3946228233309171355,2026-07-22 08:37
17886547887669447,2026-07-20,19:41,IMAGE,3961,3255,0,0,12,7,0,3006,232,101,228,8.3,https://www.instagram.com/stories/kan_news/3945545612590109190,2026-07-21 08:38
18113546690476718,2026-07-20,11:37,IMAGE,7208,5525,2,0,11,9,0,4795,293,305,393,9.7,https://www.instagram.com/stories/kan_news/3945302956131961053,2026-07-21 08:38
17973642507114255,2026-07-20,21:22,IMAGE,3554,2734,2,0,9,2,0,2238,164,182,381,15.8,https://www.instagram.com/stories/kan_news/3945596234517662467,2026-07-21 08:38
18116579638810866,2026-07-20,12:56,IMAGE,6250,5153,1,1,10,2,0,4453,524,263,350,9.8,https://www.instagram.com/stories/kan_news/3945341396072464370,2026-07-21 08:38
18110713564946851,2026-07-20,10:47,VIDEO,7392,6278,0,6,23,21,1,5274,181,665,521,16,https://www.instagram.com/stories/kan_news/3945277598728349513,2026-07-21 08:38
18118049458819565,2026-07-20,14:37,IMAGE,5603,4374,2,0,9,3,1,3932,248,225,375,10.7,https://www.instagram.com/stories/kan_news/3945393409376307452,2026-07-21 08:38
17883357762460416,2026-07-20,19:41,VIDEO,4433,3345,0,6,11,1,0,3298,562,165,191,8,https://www.instagram.com/stories/kan_news/3945545378883058109,2026-07-21 08:38
18196533241371807,2026-07-20,17:54,IMAGE,5021,3726,0,1,6,4,0,3740,249,198,357,11.1,https://www.instagram.com/stories/kan_news/3945491772172024130,2026-07-21 08:38
18100068617225272,2026-07-20,16:37,VIDEO,5217,4053,0,0,9,13,0,3360,316,223,414,12.2,https://www.instagram.com/stories/kan_news/3945452804587565517,2026-07-21 08:38
18138256840496747,2026-07-19,10:31,IMAGE,10174,8487,3,3,21,15,0,4441,106,704,603,12.8,https://www.instagram.com/stories/kan_news/3944543664013384793,2026-07-20 08:37
17989304226043253,2026-07-19,19:31,VIDEO,3999,3461,6,0,17,16,0,2512,89,194,741,23.4,https://www.instagram.com/stories/kan_news/3944818657464559428,2026-07-20 08:37
18398123521088220,2026-07-19,17:50,VIDEO,4253,3720,1,0,8,8,0,3382,181,111,314,10,https://www.instagram.com/stories/kan_news/3944764995329462022,2026-07-20 08:37
17946892605237887,2026-07-19,14:15,VIDEO,4995,4470,0,0,12,6,0,3996,202,185,350,10.7,https://www.instagram.com/stories/kan_news/3944656744755677150,2026-07-20 08:37
18081461165256893,2026-07-19,17:14,VIDEO,4645,3947,0,6,14,4,0,3619,207,136,344,10.3,https://www.instagram.com/stories/kan_news/3944746903777983018,2026-07-20 08:37
18109344031969455,2026-07-19,16:12,VIDEO,4805,4105,0,21,31,3,0,3750,74,162,325,10.1,https://www.instagram.com/stories/kan_news/3944715480798989239,2026-07-20 08:37
18076298024337135,2026-07-19,14:14,VIDEO,5384,4683,1,2,16,2,1,4219,216,213,265,8.9,https://www.instagram.com/stories/kan_news/3944656309428842768,2026-07-20 08:37
18190176016382453,2026-07-18,22:20,VIDEO,6005,5196,1,0,6,15,1,4094,144,476,806,21.3,https://www.instagram.com/stories/kan_news/3944176074614819412,2026-07-19 13:40
18121281442838361,2026-07-18,19:51,VIDEO,7914,7064,2,2,12,6,0,5788,269,502,538,13.1,https://www.instagram.com/stories/kan_news/3944100832349412449,2026-07-19 13:40
18144183508534561,2026-07-18,19:50,VIDEO,8681,7560,3,2,17,10,0,6118,175,1001,600,18.4,https://www.instagram.com/stories/kan_news/3944100572000608589,2026-07-19 13:40
18332328415264228,2026-07-17,18:15,VIDEO,3784,2959,0,0,10,8,0,2542,306,209,371,15.3,https://www.instagram.com/stories/kan_news/3943327868402189688,2026-07-18 08:36
18412595482145617,2026-07-17,10:41,IMAGE,7132,5739,6,0,17,13,0,4231,133,831,515,18.9,https://www.instagram.com/stories/kan_news/3943099149616526955,2026-07-18 08:36
17979498828023837,2026-07-17,13:28,VIDEO,4630,3954,0,0,8,7,0,3384,225,288,300,12.7,https://www.instagram.com/stories/kan_news/3943183296120371617,2026-07-18 08:36
18122946508765487,2026-07-17,17:15,IMAGE,4359,3289,1,0,17,3,0,2789,270,193,257,10.3,https://www.instagram.com/stories/kan_news/3943297707372208884,2026-07-18 08:36
18106431560010902,2026-07-17,11:18,IMAGE,6273,4985,2,0,6,5,0,4415,492,359,209,9.1,https://www.instagram.com/stories/kan_news/3943118155081675838,2026-07-18 08:36
18109677310952512,2026-07-17,14:53,IMAGE,4675,3690,0,0,5,2,0,3213,92,211,361,12.2,https://www.instagram.com/stories/kan_news/3943226060707493003,2026-07-18 08:36
18045852677592793,2026-07-17,22:50,VIDEO,2395,1912,1,3,7,4,0,1378,83,161,317,20,https://www.instagram.com/stories/kan_news/3943466489100819150,2026-07-18 08:36
18123990172670199,2026-07-17,11:19,VIDEO,5901,4801,0,1,7,3,0,4103,479,312,385,11.8,https://www.instagram.com/stories/kan_news/3943118211905676482,2026-07-18 08:36
18015577820856976,2026-07-16,12:31,IMAGE,7818,6254,11,0,17,6,0,5198,618,476,355,10.6,https://www.instagram.com/stories/kan_news/3942429969426707161,2026-07-17 08:42
18085676174557989,2026-07-16,18:31,VIDEO,5519,4460,1,1,17,6,0,3586,194,378,600,17.7,https://www.instagram.com/stories/kan_news/3942611206040328703,2026-07-17 08:42
17962039835962410,2026-07-16,15:09,VIDEO,6453,5474,18,2,30,4,0,4261,331,323,417,11.5,https://www.instagram.com/stories/kan_news/3942509240589152390,2026-07-17 08:42
18082718651648257,2026-07-16,12:31,IMAGE,7206,5846,5,0,17,3,0,5252,507,281,342,8.6,https://www.instagram.com/stories/kan_news/3942430144052358645,2026-07-17 08:42
17937436953296160,2026-07-16,12:31,VIDEO,8779,7072,1,0,8,14,0,3803,154,960,611,17.9,https://www.instagram.com/stories/kan_news/3942429695328522790,2026-07-17 08:42
17897818944510536,2026-07-15,17:14,VIDEO,6040,5165,1,8,16,2,0,4508,210,413,342,12.5,https://www.instagram.com/stories/kan_news/3941847454261097541,2026-07-16 08:37
18107482046469690,2026-07-15,14:39,VIDEO,6448,5413,1,14,27,9,0,4010,149,647,560,18.7,https://www.instagram.com/stories/kan_news/3941769376721702137,2026-07-16 08:37
17917442829414557,2026-07-15,17:16,VIDEO,5576,4425,0,8,19,1,0,3982,466,131,317,8,https://www.instagram.com/stories/kan_news/3941848371538588987,2026-07-16 08:37
17955876216188060,2026-07-15,17:15,IMAGE,5674,4607,1,0,29,1,0,4172,399,113,124,4.2,https://www.instagram.com/stories/kan_news/3941847990897663319,2026-07-16 08:37
18209795965345413,2026-07-15,19:35,IMAGE,4722,3770,1,0,9,5,0,3401,186,179,287,9.9,https://www.instagram.com/stories/kan_news/3941918450112881043,2026-07-16 08:37
18097359212253801,2026-07-15,17:15,IMAGE,5736,4560,6,0,25,2,0,4271,443,113,141,4.4,https://www.instagram.com/stories/kan_news/3941848240685267195,2026-07-16 08:37
18545182966076317,2026-07-15,21:39,VIDEO,3881,3140,3,0,24,10,0,2532,244,195,450,16.6,https://www.instagram.com/stories/kan_news/3941980760524893937,2026-07-16 08:37
17873120352625372,2026-07-15,17:14,IMAGE,5734,4785,1,0,12,2,0,4378,298,196,189,6.7,https://www.instagram.com/stories/kan_news/3941847693437546865,2026-07-16 08:37
18198851491371128,2026-07-15,18:25,VIDEO,4899,4090,0,5,17,4,0,3680,229,212,307,10.6,https://www.instagram.com/stories/kan_news/3941883535274727573,2026-07-16 08:37
18084914081645854,2026-07-14,17:56,VIDEO,8676,7281,14,3,44,10,0,5343,368,490,680,13.5,https://www.instagram.com/stories/kan_news/3941144009602397354,2026-07-15 08:36
18420382846195723,2026-07-14,14:15,VIDEO,9905,7929,3,1,24,5,0,6131,705,621,693,13.3,https://www.instagram.com/stories/kan_news/3941032788387598511,2026-07-15 08:36
18087297794132340,2026-07-14,09:43,IMAGE,11591,9031,0,1,11,18,1,7272,319,1023,856,16.2,https://www.instagram.com/stories/kan_news/3940895829195969770,2026-07-15 08:36
17946266466036472,2026-07-14,22:14,VIDEO,6188,5413,0,3,8,8,0,4328,144,491,673,18.8,https://www.instagram.com/stories/kan_news/3941273556234709923,2026-07-15 08:36
18085085228181494,2026-07-13,16:41,VIDEO,4417,3630,10,1,32,7,0,3381,212,127,194,7.3,https://www.instagram.com/stories/kan_news/3940381217312101774,2026-07-14 08:36
17950527525201045,2026-07-13,17:06,VIDEO,4590,3624,0,3,11,5,0,3353,282,100,203,6.6,https://www.instagram.com/stories/kan_news/3940393897724915764,2026-07-14 08:36
18132478501564839,2026-07-13,16:41,IMAGE,4328,3455,1,0,7,4,0,3326,194,108,210,7.3,https://www.instagram.com/stories/kan_news/3940381433025719009,2026-07-14 08:36
18026541398832520,2026-07-13,21:16,VIDEO,3439,2796,7,1,36,1,0,2546,150,153,250,11.7,https://www.instagram.com/stories/kan_news/3940519746683930093,2026-07-14 08:36
17906417811450248,2026-07-13,12:18,VIDEO,6566,5665,0,10,21,24,0,3880,83,763,744,23,https://www.instagram.com/stories/kan_news/3940248848978584741,2026-07-14 08:36
18077327654682539,2026-07-13,16:40,VIDEO,4661,3913,0,0,12,7,0,3706,85,280,241,11.2,https://www.instagram.com/stories/kan_news/3940380965662267948,2026-07-14 08:36
18087000722635237,2026-07-13,17:14,IMAGE,4103,3304,2,0,24,4,0,2934,178,118,304,10.3,https://www.instagram.com/stories/kan_news/3940398160648253467,2026-07-14 08:36
18036044795819459,2026-07-13,22:00,IMAGE,3518,2648,5,3,16,3,0,2155,104,152,417,16.2,https://www.instagram.com/stories/kan_news/3940541872191620855,2026-07-14 08:36
18097749404243782,2026-07-13,16:40,VIDEO,4414,3702,1,0,23,6,0,3693,216,136,165,6.8,https://www.instagram.com/stories/kan_news/3940381155932660721,2026-07-14 08:36
18093903824623626,2026-07-12,14:17,IMAGE,6197,5215,0,18,22,29,0,4094,134,692,590,20.7,https://www.instagram.com/stories/kan_news/3939584269102045591,2026-07-13 08:39
18344202316247790,2026-07-12,15:05,VIDEO,5596,4560,0,2,5,23,0,3221,283,343,886,22,https://www.instagram.com/stories/kan_news/3939608269680703856,2026-07-13 08:39
18057213272514931,2026-07-11,12:08,VIDEO,21098,17500,17,12,88,46,1,12938,430,2870,1991,23,https://www.instagram.com/stories/kan_news/3938794484543954150,2026-07-12 08:37
17937927462272584,2026-07-11,23:50,VIDEO,7722,6263,3,0,11,9,0,4537,201,872,770,21.3,https://www.instagram.com/stories/kan_news/3939147865569534497,2026-07-12 08:37
18324515731278096,2026-07-10,15:35,VIDEO,6266,5303,0,2,7,24,0,3570,155,898,861,28.1,https://www.instagram.com/stories/kan_news/3938173723055649822,2026-07-11 08:39
18116960047871176,2026-07-09,16:03,IMAGE,6525,5468,0,0,8,1,0,4862,298,192,177,5.7,https://www.instagram.com/stories/kan_news/3937585950364334284,2026-07-10 08:38
18469378771128478,2026-07-09,16:02,VIDEO,6663,5530,1,2,18,7,0,5198,293,307,257,8.5,https://www.instagram.com/stories/kan_news/3937462873755897035,2026-07-10 08:38
18087137936626796,2026-07-09,20:07,VIDEO,6677,5207,4,1,38,10,0,4030,535,362,760,16.8,https://www.instagram.com/stories/kan_news/3937586109361597254,2026-07-10 08:38
18078986546690487,2026-07-09,11:36,IMAGE,8580,6904,0,0,11,11,0,5976,516,390,698,12.7,https://www.instagram.com/stories/kan_news/3937328894852101121,2026-07-10 08:38
18119921386837056,2026-07-09,11:36,VIDEO,9267,7529,1,1,17,19,1,6383,157,731,632,14.7,https://www.instagram.com/stories/kan_news/3937328639452053205,2026-07-10 08:38
18103881152023733,2026-07-08,17:24,VIDEO,6194,5443,0,2,7,12,0,3819,47,712,768,23.9,https://www.instagram.com/stories/kan_news/3936779132930790608,2026-07-09 08:39
18084923840644706,2026-07-08,23:29,VIDEO,3233,2730,0,0,4,4,0,2247,133,206,353,17.3,https://www.instagram.com/stories/kan_news/3936963015093675844,2026-07-09 08:39
18030751964659748,2026-07-08,23:29,VIDEO,3401,2929,1,0,9,5,0,2652,34,239,166,11.9,https://www.instagram.com/stories/kan_news/3936962976053068064,2026-07-09 08:39
18177812929410819,2026-07-07,20:03,VIDEO,4699,3927,2,1,23,4,0,2954,187,279,602,18.7,https://www.instagram.com/stories/kan_news/3936134237761178220,2026-07-08 08:36
18184448008394978,2026-07-07,13:32,VIDEO,8748,7177,9,13,137,29,1,4783,121,1220,861,23.8,https://www.instagram.com/stories/kan_news/3935937512782077365,2026-07-08 08:37
18168680101441887,2026-07-07,14:57,VIDEO,6971,5967,2,1,25,7,0,4318,330,514,604,16,https://www.instagram.com/stories/kan_news/3935980270087440463,2026-07-08 08:36
17979599772030474,2026-07-07,20:02,VIDEO,5177,4211,3,0,40,3,0,3581,188,355,318,13,https://www.instagram.com/stories/kan_news/3936134054218458309,2026-07-08 08:36
17974859838061909,2026-07-06,11:32,VIDEO,6608,5602,0,2,14,9,0,4587,247,549,524,16.2,https://www.instagram.com/stories/kan_news/3935152794474014534,2026-07-07 08:40
17895545883487699,2026-07-06,15:12,VIDEO,5669,4826,3,0,35,3,0,4049,317,319,327,11.4,https://www.instagram.com/stories/kan_news/3935263095970235442,2026-07-07 08:40
18354174334300961,2026-07-06,15:12,VIDEO,5196,4582,1,0,38,3,0,4059,221,217,236,8.7,https://www.instagram.com/stories/kan_news/3935263232872293073,2026-07-07 08:40
18603981448011127,2026-07-06,15:37,VIDEO,4998,4356,0,2,20,7,0,3680,171,257,575,16.6,https://www.instagram.com/stories/kan_news/3935275870402527292,2026-07-07 08:39
18347058496172465,2026-07-05,09:59,VIDEO,6460,5757,0,0,15,9,0,4684,159,649,503,17.8,https://www.instagram.com/stories/kan_news/3934380740808174433,2026-07-06 08:37
18112697668906674,2026-07-05,22:06,VIDEO,3033,2477,2,1,43,7,0,2294,85,137,224,11.9,https://www.instagram.com/stories/kan_news/3934746563724893138,2026-07-06 08:36
18009833048736676,2026-07-05,10:27,VIDEO,6564,5306,5,1,24,6,0,3381,137,301,303,9.2,https://www.instagram.com/stories/kan_news/3934395024149741222,2026-07-06 08:37
18097688825352781,2026-07-05,16:19,VIDEO,4615,3941,1,3,51,0,0,3358,149,296,372,14.5,https://www.instagram.com/stories/kan_news/3934571926806225923,2026-07-06 08:37
18104164208107758,2026-07-05,19:17,VIDEO,3781,3182,3,2,17,7,0,2659,75,248,346,15.7,https://www.instagram.com/stories/kan_news/3934661909684603809,2026-07-06 08:37
17956666776157824,2026-07-05,22:57,IMAGE,2831,2184,2,1,9,6,0,1748,82,115,320,15.4,https://www.instagram.com/stories/kan_news/3934772276193057859,2026-07-06 08:36
18096131141218927,2026-07-05,12:00,VIDEO,6931,5474,1,3,22,10,1,4440,696,326,381,10.2,https://www.instagram.com/stories/kan_news/3934441892409888615,2026-07-06 08:37
18149501086504781,2026-07-04,12:42,VIDEO,8073,6888,7,0,23,10,0,6385,494,293,365,8.2,https://www.instagram.com/stories/kan_news/3933738020544587734,2026-07-05 08:36
18188372923383771,2026-07-04,12:41,VIDEO,7722,6732,1,2,38,12,0,4717,119,921,515,18.6,https://www.instagram.com/stories/kan_news/3933737562149110736,2026-07-05 08:36
18129199012556774,2026-07-04,12:42,VIDEO,8385,7168,1,0,19,3,0,6750,222,432,371,9.6,https://www.instagram.com/stories/kan_news/3933737944703217264,2026-07-05 08:36
18096006629581781,2026-07-04,20:55,VIDEO,6157,4775,1,1,25,16,0,3661,197,371,705,17.5,https://www.instagram.com/stories/kan_news/3933986457466877521,2026-07-05 08:36
18342860263220344,2026-07-04,15:19,VIDEO,7857,6674,7,14,131,4,0,5308,301,353,547,11.5,https://www.instagram.com/stories/kan_news/3933817207972348137,2026-07-05 08:36
18094107218010453,2026-07-04,18:25,VIDEO,6705,5721,1,4,102,5,0,4985,228,296,445,11.1,https://www.instagram.com/stories/kan_news/3933910678842269968,2026-07-05 08:36
18067296287446350,2026-07-03,21:38,VIDEO,4423,3764,0,5,7,0,0,3285,118,272,361,14.3,https://www.instagram.com/stories/kan_news/3933282964825312543,2026-07-04 08:36
17887777401412650,2026-07-03,21:03,VIDEO,4943,4082,1,0,20,3,0,3692,311,217,184,8.1,https://www.instagram.com/stories/kan_news/3933265704903657589,2026-07-04 08:36
18155497102426728,2026-07-03,21:03,IMAGE,5483,4357,2,0,13,2,0,3957,442,298,135,7.9,https://www.instagram.com/stories/kan_news/3933265611295693421,2026-07-04 08:36
18020336576853644,2026-07-03,21:03,IMAGE,6334,5127,1,0,5,8,0,3728,65,826,372,18.9,https://www.instagram.com/stories/kan_news/3933265561802894404,2026-07-04 08:36
