video_id,date,time,type,title,duration_sec,views,likes,comments,shares,whatsapp_shares,saves,downloads,total_engagement,engagement_rate,is_pinned,permalink,pulled_at,views_delta
7672484418333740295,2026-08-11,07:30,Video,יש הורים שעדיין לא יודעים איפה יהיו הילדים שלהם ב-1 בספטמבר  @liran_kog,256,8926,236,24,36,13,11,5,307,3.44,0,https://www.tiktok.com/@kan_news/video/7672484418333740295,2026-08-11 08:44,0
7672484796412529927,2026-08-11,00:30,Video,העיתונאי הרוסי שנחת בארץ - ונעלם (איתמר וישנקו),126,22828,724,29,56,11,63,7,872,3.82,0,https://www.tiktok.com/@kan_news/video/7672484796412529927,2026-08-11 08:44,0
7672482889757445384,2026-08-11,00:00,Video,טראמפ ניסה לעקוץ את טיילור והיא לא נשארה חייבת @doritassarafmizra,273,13852,704,20,19,2,32,4,775,5.59,0,https://www.tiktok.com/@kan_news/video/7672482889757445384,2026-08-11 08:44,0
7672393873385082120,2026-08-10,16:26,Video,"קולומביה: רעידת אדמה 7.4 בסולם ריכטר הורגשה במדינה, כך זה נראה באולפן הרדיו של תחנת Blu Radio (רם ברנדס)",19,28248,357,12,14,4,11,6,394,1.39,0,https://www.tiktok.com/@kan_news/video/7672393873385082120,2026-08-11 08:44,0
7672125463493463297,2026-08-10,08:00,Video,הטיסה שהסתבכה - בגלל נוסע אחד @ofir.halperin,232,250158,11767,533,671,117,599,46,13570,5.42,0,https://www.tiktok.com/@kan_news/video/7672125463493463297,2026-08-11 08:44,234631
7672293642228337940,2026-08-10,09:58,Video,העצה החשאית למדינה באזור: תלכו להסכם עם ישראל - לקראת מלחמה @roikais1987,51,86116,2706,422,197,82,151,58,3476,4.04,0,https://www.tiktok.com/@kan_news/video/7672293642228337940,2026-08-11 08:44,0
7672310649690836244,2026-08-10,11:03,Video,חוזרים לצלם בפילם ובדיגיטליות @maylaurencelola,544,27695,965,9,68,17,88,4,1130,4.08,0,https://www.tiktok.com/@kan_news/video/7672310649690836244,2026-08-11 08:44,0
7672356792080436498,2026-08-10,14:02,Photo,"גם כבל ב-430 מיליון ליש""ט לא עבר את דובי 🧦 מעריצי ""הארי פוטר"" הצליחו לשנות את המסלול המתוכנן של כבל חשמל תת-ימי בין בריטניה לאירלנד, כדי שלא יעבור באתר ההנצחה לדמות האהובה (איתמר מרגלית) צילום: BBC, Alamy/Warner Bros",0,41758,1193,26,73,13,64,2,1356,3.25,0,https://www.tiktok.com/@kan_news/video/7672356792080436498,2026-08-11 08:44,0
7672365092112960788,2026-08-10,14:35,Video,"מפקד ביהל""ם על חילוץ ששת החטופים שנרצח!: ""אחד הרגעים הקשים שהיו לי""  (חן ביאר)",46,10121,405,14,6,3,15,1,440,4.35,0,https://www.tiktok.com/@kan_news/video/7672365092112960788,2026-08-11 08:44,0
7672385617296149768,2026-08-10,15:54,Video,המשטרה בצ'כיה מבקשת את עזרת הציבור בזיהוי האיש שניפץ את המראה (יחזקאל קורנברג) 📸: televize spolu,31,1130612,28035,912,3865,156,1270,114,34082,3.01,0,https://www.tiktok.com/@kan_news/video/7672385617296149768,2026-08-11 08:44,0
7672407124105760018,2026-08-10,17:18,Video,רעידת אדמה בעוצמה 7.4 בסולם ריכטר הורגשה בקולומביה (רם ברנדס),18,34600,494,14,53,12,24,8,585,1.69,0,https://www.tiktok.com/@kan_news/video/7672407124105760018,2026-08-11 08:44,0
7672473729900760328,2026-08-10,21:36,Video,גאווה ישראלית: הכדורגלן מנור סולומון מוצג במדי קבוצת ווסטהאם יונייטד הבריטית  (ליאן וילדאו) 📸: West Ham United,34,27657,1693,30,41,4,42,1,1806,6.53,0,https://www.tiktok.com/@kan_news/video/7672473729900760328,2026-08-11 08:44,0
7672480811144285448,2026-08-10,22:04,Video,כך תרוויחו מאות שקלים בשנה - בלי לצאת מהבית @ittaishickman2,235,8947,168,9,21,6,33,8,231,2.58,0,https://www.tiktok.com/@kan_news/video/7672480811144285448,2026-08-11 08:44,0
7672483836185595154,2026-08-10,22:15,Video,אופק אנדק חשוד בת@פת בת זוגו  @annapines_,187,162889,10919,242,1419,112,762,48,13342,8.19,0,https://www.tiktok.com/@kan_news/video/7672483836185595154,2026-08-11 08:44,0
7672481683744066824,2026-08-10,22:30,Video,האם המפלגות הקטנות יכריעו את הבחירות? (שחר גליק),356,12740,233,22,4,1,12,2,271,2.13,0,https://www.tiktok.com/@kan_news/video/7672481683744066824,2026-08-11 08:44,0
7672481989496147218,2026-08-10,23:00,Video,תודה לסינים: מחירי הרכב בארץ צונחים  @Ofir.halperin,289,42132,791,49,108,42,68,18,1016,2.41,0,https://www.tiktok.com/@kan_news/video/7672481989496147218,2026-08-11 08:44,0
7672482272695667975,2026-08-10,23:25,Video,מ%ות במקום החלקה על הקרח: הק%^ה באייסמול אילת @itsikzuarets,166,334555,16705,266,4349,362,1314,82,22634,6.77,0,https://www.tiktok.com/@kan_news/video/7672482272695667975,2026-08-11 08:44,0
7672071169427688724,2026-08-09,19:34,Video,"וילה, מרצדס ומיליונים במסעדות 💸 ראובן זכה ב-12.5 מיליון שקל, איבד הכול וחזר לעבוד בצבע @ifatglick1 (תמר אלמוג)",49,201873,7269,152,1387,335,414,109,9222,4.57,0,https://www.tiktok.com/@kan_news/video/7672071169427688724,2026-08-11 08:44,68013
7671752685250448648,2026-08-09,00:15,Video,"מפקד יהל""ם בריאיון מיוחד - רגע לפני שהוא מסיים את תפקידו  (חן ביאר)",662,150778,9044,85,390,122,521,45,10040,6.66,0,https://www.tiktok.com/@kan_news/video/7671752685250448648,2026-08-10 08:41,76321
7671753000796343560,2026-08-09,00:30,Video,"המועמד המוסלמי לסנאט במישיגן: ""לא רוצה שהמיסים שלי יממנו ר@ח עם"" (איילה חסון)",211,55182,1115,93,69,30,70,22,1347,2.44,0,https://www.tiktok.com/@kan_news/video/7671753000796343560,2026-08-11 08:44,2493
7672123738996985089,2026-08-09,22:59,Video,חומצה במקום חומר הרד_מה גרמה לצעירה להגיע לטיפול נמרץ (נוב ראובני),163,577607,30176,506,8063,1501,2566,434,41311,7.15,0,https://www.tiktok.com/@kan_news/video/7672123738996985089,2026-08-11 08:44,309295
7672124903285394705,2026-08-09,23:04,Video,וגם יהיו המחירים כמו בחו״ל? @doritassarafmizra  #ספורה,265,162006,10256,200,1429,199,939,75,12824,7.92,0,https://www.tiktok.com/@kan_news/video/7672124903285394705,2026-08-11 08:44,88465
7671633606535564551,2026-08-08,15:16,Video,"אורן נהרי, שחלה בניוון שרירים, הגיש הבוקר את תוכניתו האחרונה ונפרד מהמאזינים ❤️‍🩹 (איתמר מאירי)",55,242539,29253,421,641,138,1002,70,31317,12.91,0,https://www.tiktok.com/@kan_news/video/7671633606535564551,2026-08-11 08:44,19915
7671749509927669000,2026-08-08,23:05,Video,"""התגעגעתי"": השף רפי כהן חוזר - אחרי הסתבכויות ושנים מתחת לרדאר (יעל צ'כנובר)",505,37657,728,46,71,34,81,13,926,2.46,0,https://www.tiktok.com/@kan_news/video/7671749509927669000,2026-08-11 08:44,2091
7671749666387545352,2026-08-08,22:47,Video,"חברת פרלמנט מהאופוזיציה בקוסובו השליכה ביצים על ממלא מקום ראש הממשלה. ר""מ הודיע כי יידרש עוד זמן עד להצעת מועמד ליו""ר הפרלמנט, והיא בתגובה שלפה ביצים מהתיק וזרקה לעברו  (יחזקאל קורנברג) 📸: REUTERS / KOSOVO PARLIAMENT",13,37390,609,52,50,12,57,9,768,2.05,0,https://www.tiktok.com/@kan_news/video/7671749666387545352,2026-08-11 08:44,4171
7671746116328738055,2026-08-08,22:33,Video,הזוג שעורר סערה כשירד מהארץ בריאיון מאיטליה (מואב ורדי),227,18996,227,98,20,6,15,3,360,1.9,0,https://www.tiktok.com/@kan_news/video/7671746116328738055,2026-08-11 08:44,1101
7671733846257290504,2026-08-08,21:45,Video,"תיעוד לא שגרתי מרוסיה: שתי נוסעות שפספסו את העלייה למטוס לא ויתרו - וניסו לרדוף אחריו במסלול ההמראה. הניסיון לא צלח, ואיש צוות ליווה אותן החוצה  (דב גיל-הר)",63,73815,1807,17,170,25,50,11,2044,2.77,0,https://www.tiktok.com/@kan_news/video/7671733846257290504,2026-08-11 08:44,2650
7671674428236762375,2026-08-08,17:54,Video,"תלמיד הגיע למחנה הריכוז מאוטהאוזן שבאוסטריה כשהוא לובש חולצה עם דגל פלסטין עליה, יהודייה-אמריקאית שנכחה במקום לא נשארה חייבת (יחזקאל קורנברג)",36,55719,3133,73,108,9,99,9,3413,6.13,0,https://www.tiktok.com/@kan_news/video/7671674428236762375,2026-08-11 08:44,2135
7671666013175287047,2026-08-08,17:22,Video,המפלס של הנהר השני בגודלה באירופה יורד - וחושף ספינות של נ@צים (דב גיל-הר),51,42919,1314,6,91,27,101,12,1512,3.52,0,https://www.tiktok.com/@kan_news/video/7671666013175287047,2026-08-11 08:44,1264
7671641499456539911,2026-08-08,15:47,Video,מיה דגן הופתעה שהיא גרמה לאנשים לחזור לקרוא  @amitharari,24,9199,188,6,3,0,5,0,202,2.2,0,https://www.tiktok.com/@kan_news/video/7671641499456539911,2026-08-11 08:44,228
7671750218882321672,2026-08-08,23:35,Video,הפרופסור שיצא נגד חיזב@ללה ונאלץ להימלט מלבנון מדבר (רועי קייס),331,27063,584,12,33,7,32,8,661,2.44,0,https://www.tiktok.com/@kan_news/video/7671750218882321672,2026-08-11 08:44,1659
7671609174077213970,2026-08-08,14:30,Photo,"EA נמכרה לקרן הסעודית, לקושנר ולסילבר לייק ב-55 מיליארד דולר 🎮 למה שחקני EA FC ו""הסימס"" מודאגים? (ספיר אברהמי)",0,8615,103,4,11,2,15,1,133,1.54,0,https://www.tiktok.com/@kan_news/video/7671609174077213970,2026-08-11 08:44,503
7671574628946660629,2026-08-08,11:27,Video,הבגד ים שעשה היסטוריה (סמדר ברנדיס),1363,193594,8633,104,334,23,732,38,9803,5.06,0,https://www.tiktok.com/@kan_news/video/7671574628946660629,2026-08-11 08:44,7677
7671564619969826068,2026-08-08,10:48,Video,סיון פניני סיפרה איך שני משולשים וחוט שינו את העולם  (סמדר ברנדיס),50,38937,1511,11,27,2,113,4,1662,4.27,0,https://www.tiktok.com/@kan_news/video/7671564619969826068,2026-08-11 08:44,1004
7671225107620171015,2026-08-07,12:51,Video,"""אין לי כיום למי להצביע"": אחרי שלוש שנות מלחמה, צעירי הציונות הדתית כבר לא בטוחים מי באמת מייצג אותם @amsterdamski_2",43,18382,906,31,6,0,13,6,956,5.2,0,https://www.tiktok.com/@kan_news/video/7671225107620171015,2026-08-11 08:44,155
7671277617638608148,2026-08-07,18:10,Video,עכשיו גם להקפיד על חלבון זה לא מספיק? (עופר חלפון),218,225880,6551,133,1071,365,1866,96,9621,4.26,0,https://www.tiktok.com/@kan_news/video/7671277617638608148,2026-08-11 08:44,7382
7671375680621366546,2026-08-07,22:35,Video,יהיה הסכם עם איראן? זו התשובה של טראמפ (נתן גוטמן),117,5775,88,2,1,0,5,0,96,1.66,0,https://www.tiktok.com/@kan_news/video/7671375680621366546,2026-08-08 08:41,0
7671250774298529044,2026-08-07,14:31,Video,"⁨ אותה שיטה - רק בעיר אחרת: כשגיא ג׳ורג׳י צפה בצילומי האבטחה של הזוג בוחבוט מהחנויות באילת הוא זיהה אותם מיד - אלה הזוג שהוא ראה גונבים קונסולות פלייסטיישן 5 ונינטדו סוויטצ׳ כבר לפני שנתיים, בצילומי האבטחה של חנות המחשבים שלו בחדרה. הזוג גם נתפס בעבר במקרה דומה בצפון ואלירן אף ישב לתקופת מאסר, אבל הצילומים שממשיכים לצוף מציגים בדיוק אותה שיטה, כולל צירוף הילדים לביצוע הגניבות @itsikzuarets",25,500208,15061,346,1833,420,972,156,18212,3.64,0,https://www.tiktok.com/@kan_news/video/7671250774298529044,2026-08-09 08:40,117144
7671276072691977493,2026-08-07,16:40,Video,אנשים באמת קוראים או בעיקר מצלמים את הספרים שלהם? @amitharari,534,30367,1990,51,167,28,259,13,2467,8.12,0,https://www.tiktok.com/@kan_news/video/7671276072691977493,2026-08-11 08:44,649
7671249369584127239,2026-08-07,14:25,Video,"מה באמת קורה במחנות הצופים? עדויות קשות על אלימות, השפלות והטרדות שמסתתרות מאחורי ה""מסורות"" בתנועה. @liran_kogahinoff מתנועת הצופים נמסר בתגובה: ""תנועת הצופים היא תנועת הנוער הגדולה בישראל ובה פעילים ופעילות כמאה אלף בני ובנות נוער. עם אתגרי השעה, הוציאה התנועה בקיץ למחנות עשרות אלפי חניכים וחניכות שבחרו לצאת לטבע, להתנדב ולהוביל למען הקהילה ולמען החברה הישראלית. בשנים האחרונות חווים בני הנוער חוסר וודאות ובדידות והבחירה שלהם לפעול יחד, לקדם ערכים קבוצתיים, ערכי אהבת האדם, אהבת הארץ ועוד אינה מו",233,656855,33198,987,14108,2611,3342,427,51635,7.86,1,https://www.tiktok.com/@kan_news/video/7671249369584127239,2026-08-11 08:44,16050
7671313248112610568,2026-08-07,18:33,Video,"אמא של אדווה ז""ל, שעברה חרם והת@בדה, תובעת את משרד החינוך, בית הספר והעירייה (שלי טפיירו)",65,194645,15529,495,521,82,700,41,17245,8.86,0,https://www.tiktok.com/@kan_news/video/7671313248112610568,2026-08-11 08:44,6205
7671375999266835730,2026-08-07,22:37,Video,"כתב אישום הוגש נגד המעורבים בר@ח בניהו רזי ז""ל  (ורד פלמן)",235,437364,19853,457,1150,202,1416,116,22876,5.23,0,https://www.tiktok.com/@kan_news/video/7671375999266835730,2026-08-11 08:44,19591
7671350165088832776,2026-08-07,20:56,Video,"ניסים, אביה של שני לוק ז""ל שנר@חה בנובה: ""אנשי ליכוד בכירים אמרו לי שאני אשם בט@ח 7 באוקטובר"" (תמר אלמוג) @ifatglick1",56,23058,1285,176,52,18,38,22,1551,6.73,0,https://www.tiktok.com/@kan_news/video/7671350165088832776,2026-08-11 08:44,551
7671325194690104584,2026-08-07,20:00,Video,אם השיטה עובדת - למה להפסיק? @itsikzuarets,227,302658,8703,316,1435,414,769,111,11223,3.71,0,https://www.tiktok.com/@kan_news/video/7671325194690104584,2026-08-11 08:44,7220
7671322042846809362,2026-08-07,19:07,Video,"פעיל הימין מרדכי דוד ניסה לצלם סרטון עם גדי איזנקוט - שהשיב לו: ""תשרת בצבא ותחזור אליי""",9,146878,7113,590,149,38,199,30,8051,5.48,0,https://www.tiktok.com/@kan_news/video/7671322042846809362,2026-08-11 08:44,2851
7670842084475112725,2026-08-06,12:05,Video,"התופעה שמטרידה את שב""ס (אורלי אלקלעי)",170,191023,4848,79,734,188,561,149,6222,3.26,0,https://www.tiktok.com/@kan_news/video/7670842084475112725,2026-08-11 08:44,1668
7670657161202027796,2026-08-06,00:07,Video,ביקור שבועי במספרה זה מוגזם? (עופר חלפון),362,657135,24403,612,5716,1698,2304,302,33035,5.03,0,https://www.tiktok.com/@kan_news/video/7670657161202027796,2026-08-11 08:44,4193
7670657160308673812,2026-08-06,00:07,Video,למה אנחנו כל כך אוהבים סרטוני ניקיון? @yaelciec,500,23923,332,5,7,3,32,2,376,1.57,0,https://www.tiktok.com/@kan_news/video/7670657160308673812,2026-08-11 08:44,85
7670828584457555220,2026-08-06,11:12,Video,מישראל לסוואנה באפריקה (רובי המרשלג),412,29930,1237,25,270,34,74,7,1606,5.37,0,https://www.tiktok.com/@kan_news/video/7670828584457555220,2026-08-11 08:44,164
7670828942646922516,2026-08-06,11:30,Video,רקטה של החברה בבעלות המיליארדר אילון מאסק כנראה התרסקה על הירח @ittaishickman2,213,36368,912,31,13,3,35,6,991,2.72,0,https://www.tiktok.com/@kan_news/video/7670828942646922516,2026-08-11 08:44,134
7671010829709430037,2026-08-06,22:59,Video,מסוג הדברים שקורים באנטומיה של גריי: רעידת האדמה העוצמתית שהכתה במחוז קוממוטו שבדרום יפן בסוף חודש יולי תפסה רופאים באחד מבית החולים באזור במהלך ניתוח. סרטון ממצלמות האבטחה של בית החולים שהתפרסם היום מראה את הצוות הרפואי נאבק לשמור על המטופל ועל כלי הניתוח - שמיטלטלים בכל רחבי החדר (ישי בר יוסף),15,166094,4381,93,326,57,216,47,5016,3.02,0,https://www.tiktok.com/@kan_news/video/7671010829709430037,2026-08-11 08:44,2514
7670867912852311317,2026-08-06,13:45,Video,"יונת, אמא של רס""ן הראל בירנשטוק שנפל בלבנון: ""אנחנו נקום ונתחזק, אבל עוד מעט. אני רוצה עוד קצת לבכות"" @yoavborowitz",31,17060,1686,91,22,4,24,12,1823,10.69,0,https://www.tiktok.com/@kan_news/video/7670867912852311317,2026-08-11 08:44,173
7670914624652463368,2026-08-06,16:46,Video,"קול אחד בלבד, זה כל מה שהפריד בין מחנה איראן למחנה קטר. כך נראית הצמרת החדשה של חמאס, והכיוון שאליו היא עשויה לקחת את הארגון @elior_levy #שובר_חומות",385,79504,1443,46,100,32,155,29,1744,2.19,0,https://www.tiktok.com/@kan_news/video/7670914624652463368,2026-08-11 08:44,1810
7670925971297553685,2026-08-06,17:30,Video,"מצמרר: רס""ן במיל' הראל בירנשטוק ז""ל נפרד מלוחמיו - בהם רס""ם במיל' תמיר וקנין ז""ל - ביציאה מח'אן יונס ב-2024. השניים נ@לו אתמול בלבנון 💔 @roysharon11 📸: צביקי גולדברג",21,48786,3494,205,41,18,69,23,3809,7.81,0,https://www.tiktok.com/@kan_news/video/7670925971297553685,2026-08-11 08:44,292
7670868078800030997,2026-08-06,13:45,Video,"אליה, אלמנתו של סר""ן במילואים הראל בירנשטוק שנפל בלבנון: ""אני צריכה שתשלח לי כוחות"" @yoavborowitz",34,23600,2221,166,22,8,43,27,2452,10.39,0,https://www.tiktok.com/@kan_news/video/7670868078800030997,2026-08-11 08:44,237
7671019709424258325,2026-08-06,23:34,Video,מה קרה לאלדר דיין? @hadasgrinberg,203,494933,26581,561,1644,279,1348,135,30134,6.09,0,https://www.tiktok.com/@kan_news/video/7671019709424258325,2026-08-11 08:44,4100
7670977086324083988,2026-08-06,20:49,Video,"שמעון, אביו של רס""ם במיל' תמיר וקנין ז""ל, נפרד ממנו בדמעות: ""הרגשתי שמשהו רע קורה, בכיתי מגעגועים באוטו לבד""",24,44415,4659,400,64,12,87,12,5210,11.73,0,https://www.tiktok.com/@kan_news/video/7670977086324083988,2026-08-11 08:44,566
7670960231454674197,2026-08-06,19:43,Video,"""לא רוצה להגיד 'קדיש' על הבן שלי החמוד"": אביו של רס""ם במיל' תמיר וקנין נפרד מבנו, שמובא למנוחות עולמים",11,130603,11497,600,128,26,200,25,12425,9.51,0,https://www.tiktok.com/@kan_news/video/7670960231454674197,2026-08-11 08:44,978
7670600538911804693,2026-08-05,20:27,Video,"""סיפרתי על החברים שלי מנובה, הם פשוט לא הגיבו"". סוול אריאל אור על האודישן ההוליוודי והמונולוג שמהדהד ברשת.  הריאיון המלא הלילה ב-22:30 ב""חדשות הלילה"" @sharondavidovitch",33,105532,10003,98,79,8,267,25,10447,9.9,0,https://www.tiktok.com/@kan_news/video/7670600538911804693,2026-08-11 08:44,376
7670434645133069589,2026-08-05,09:44,Video,הקולקציה החדשה של יוניקלו @maylaurencelola,302,144023,4221,134,995,191,230,28,5580,3.87,0,https://www.tiktok.com/@kan_news/video/7670434645133069589,2026-08-11 08:44,272
7670423491060976903,2026-08-05,09:00,Video,"עורך הדין ארבל פלדמן נ!רה למוות מטווח אפס בידי לקוח שלו, שנמלט - ובהמשך הסגיר את עצמו לידי המשטרה @hadasgrinberg",176,193530,4352,196,549,173,371,77,5468,2.83,0,https://www.tiktok.com/@kan_news/video/7670423491060976903,2026-08-11 08:44,846
7670059417953979668,2026-08-04,09:27,Video,"""למה לקחתם תינוק כבן ערובה?"" 👇 פירס מורגן התעמת בשידור עם ר'אזי חמד, מבכירי חמאס, והאשים את הארגון במעשי 7 באוקטובר. חמד מצדו הכחיש כי חמאס תכנן לטבוח ולחטוף אזרחים (עומר שחר)",33,93638,4661,166,93,19,206,39,5126,5.47,0,https://www.tiktok.com/@kan_news/video/7670059417953979668,2026-08-11 08:44,561
7669922224614182164,2026-08-04,00:35,Video,"אחרי שאיבד את אשתו, ענר מצא דרך להפיג את הבדידות של המבוגרים והקשישים בשכונה ❤️‍🩹🥺 #גליקותמר תמר אלמוג @ifatglick1",62,49055,5318,113,358,72,162,21,5951,12.13,0,https://www.tiktok.com/@kan_news/video/7669922224614182164,2026-08-10 08:41,356
7669926929545350420,2026-08-04,00:53,Video,חכו עד שתראו איך החדר שלהם במלון נראה 😵‍💫 @itsikzuarets,300,1932465,94912,4505,56826,15819,9556,3950,165799,8.58,1,https://www.tiktok.com/@kan_news/video/7669926929545350420,2026-08-10 08:41,14140
7669922170918718741,2026-08-04,00:35,Video,"דן מאמסטרדם הגיע למצעד הגאווה בעיר עם דגל ישראל - אבל פרו-פלסטינים שהתאגדו במקום תק@ו אותו וחטפו ממנו את הדגל: ""רצתי ולקחתי אותו בחזרה, זה היה חזק ממני"" #גליקותמר תמר אלמוג @ifatglick1",74,81604,4045,77,80,13,131,8,4333,5.31,0,https://www.tiktok.com/@kan_news/video/7669922170918718741,2026-08-10 08:41,894
7670161930467675412,2026-08-04,16:05,Video,שיתוף פעולה משפחתי: מצלמות האבטחה חושפות כיצד אלירן וסיוון בוחבוט השתמשו על פי החשד בילדיהם כדי לגנוב מחנויות ברחבי אילת ולצאת עם מוצרים בשווי של כמאה אלף ש״ח @itsikzuarets,25,636882,17850,819,3971,955,1232,292,23872,3.75,0,https://www.tiktok.com/@kan_news/video/7670161930467675412,2026-08-11 08:44,2601
7670222464844205333,2026-08-04,21:00,Video,העלייה בעשרות אחוזים במספר היורדים מהארץ שגרמה למומחים לצלצל בכל הפעמונים @ofir.halperin,183,116040,3621,932,900,345,334,145,5787,4.99,0,https://www.tiktok.com/@kan_news/video/7670222464844205333,2026-08-11 08:44,828
7670223065057414420,2026-08-04,22:30,Video,כמובן שנגמר כבר המלאי 🫠 @amitharari,146,411910,23008,514,6991,1356,2642,315,33155,8.05,0,https://www.tiktok.com/@kan_news/video/7670223065057414420,2026-08-11 08:44,1603
7670116386298940693,2026-08-04,13:09,Video,"הר3ח בנחלאות: הוארך מעצרם של 4 הקטינים החשודים במעורבות ברצח בניהו רזי ובהם אביאור ששון, בשלושה ימים. משפחת רזי התפרצה לעבר סבתו של החשוד: ""עכבר שברח, רו3ח שפל"" (ורד פלמן)",29,236927,14764,261,297,48,572,60,15894,6.71,0,https://www.tiktok.com/@kan_news/video/7670116386298940693,2026-08-11 08:44,1399
7670222610046700821,2026-08-04,20:01,Video,רק חסר השפם ו... אתם רואים את זה גם? (דב גיל-הר),174,34307,907,56,75,7,61,7,1099,3.2,0,https://www.tiktok.com/@kan_news/video/7670222610046700821,2026-08-11 08:44,112
7670221914308218132,2026-08-04,19:58,Video,הדוגמנים הבאים של עולם האופנה בכלל יהיו מג׳ונרטים? @ittaishickman2,532,6530,103,3,4,0,6,0,116,1.78,0,https://www.tiktok.com/@kan_news/video/7670221914308218132,2026-08-11 08:44,48
7669763097287986453,2026-08-03,14:18,Video,"כולם מדברים על החדירה של המהגרים לסאוטה - אבל מה אומרים האנשים שבשטח? @רועי קייס , איתמר וישנקו",53,27674,710,17,10,0,24,2,761,2.75,0,https://www.tiktok.com/@kan_news/video/7669763097287986453,2026-08-10 08:41,120
7669717388245404936,2026-08-03,11:20,Video,כבש פסגות: המטפס הנפאלי המפורסם נירמל פורג'ה נהרג במפולת שלגים (איתמר וישנקו),176,44838,1751,17,84,25,102,8,1954,4.36,0,https://www.tiktok.com/@kan_news/video/7669717388245404936,2026-08-10 08:41,433
7669496377365318932,2026-08-03,08:00,Video,האמא שמכרה Oמים בכל הארץ - בזמן שהילדות שלה ברכב,246,245697,6283,206,1923,543,535,142,8947,3.64,0,https://www.tiktok.com/@kan_news/video/7669496377365318932,2026-08-09 08:40,1351
7669781513289895189,2026-08-03,15:29,Video,"""עשויות מחומר שמשמש בתעשיית החלל"": ניתוח פורץ דרך החליף את כל עצמות בית החזה של צעירה ישראלית באיבר מודפס (נוב ראובני)",159,147336,7025,108,695,208,453,72,8281,5.62,0,https://www.tiktok.com/@kan_news/video/7669781513289895189,2026-08-10 08:41,273
7669525587341495572,2026-08-02,22:56,Video,מה עומד מאחורי ההיעלמות המסתורית של הקוטג'? (יובל אגסי),58,402353,16436,308,1616,316,567,77,18927,4.7,1,https://www.tiktok.com/@kan_news/video/7669525587341495572,2026-08-09 08:40,5435
7669149920141577492,2026-08-02,00:30,Video,50 אלף מרוקאים פלשו לטריטוריה ספרדית  (איתמר וישנקו),202,64540,1647,80,41,16,83,14,1851,2.87,0,https://www.tiktok.com/@kan_news/video/7669149920141577492,2026-08-08 08:41,279
7669149676314053909,2026-08-02,00:00,Video,כוננות שיא לקראת ת@יפה באיראן (נתן גוטמן),172,42459,840,16,30,8,38,8,924,2.18,0,https://www.tiktok.com/@kan_news/video/7669149676314053909,2026-08-08 08:41,324
7669359578991086865,2026-08-02,12:12,Video,"למה חרדים לא רוצים לחיות במדינה עם רוב חרדי? המשפיענית והפעילה החרדית ציפי לביא מספרת מה היא שומעת מכל חרדי שהיא שואלת, ומסבירה למה ההתנהלות בבני ברק מעוררת חשש דווקא בחברה החרדית עצמה. 🎧 ""עד הקצה"" עם ‪קרן נויבך, הסכת האקטואליה החדש מבית כאן חדשות, זמין באתר וביישומון כאן ובכל יישומוני ההסכתים⁩",42,11156,341,21,6,2,13,5,381,3.42,0,https://www.tiktok.com/@kan_news/video/7669359578991086865,2026-08-09 08:40,132
7669462145263848725,2026-08-02,18:50,Video,"שמעון יזדי מוכר גלידה בחוף הים כבר כמעט חמישה עשורים, והוא לא זוכר שנה קשה כל כך במכירות כמו 2026 האם בקרוב מוכרי הגלידה ילכו לבלי שוב - כמו שתמיד הבטיחו? @ifatglick1 (תמר אלמוג)",41,275158,14254,107,2459,238,849,94,17669,6.42,0,https://www.tiktok.com/@kan_news/video/7669462145263848725,2026-08-09 08:40,3124
7669435321708383508,2026-08-02,17:06,Video,שני מסוקי כיבוי התנגשו אחד בשני בזמן כיבוי שרפה מערבית לאתונה. שירות הכבאות היווני מסר כי מתנהלים חיפושים אחר צוותי האוויר @ramelibrandts 📸: שימוש לפי סעיף 27 א' לחוק זכויות יוצרים,4,1168,20,2,2,0,0,0,24,2.05,0,https://www.tiktok.com/@kan_news/video/7669435321708383508,2026-08-03 08:43,0
7669491348113804564,2026-08-02,20:43,Video,"הר!צח יצא מסמטה חשוכה, ופתח באש - היעד, עבריין מוכר, מת במקום וחברו נפצע והצליח להימלט @annapines_",118,268224,6994,64,939,256,646,106,8643,3.22,0,https://www.tiktok.com/@kan_news/video/7669491348113804564,2026-08-09 08:40,1944
7668958034760158482,2026-08-01,11:00,Video,"4 שנים חלפו מאז נהרג כליל קמחי כתוצאה מבולען בבריכה, אך הצימר בו קרה האסון ממשיך לפעול - ובעליו עדיין לא נענשו. כעת פונה אימו ומבקשת: ""רוצים משפט צדק, בלי עסקאות טיעון הזויות"" #גליקותמר תמר אלמוג, @ifatglick1",81,45965,2547,70,71,23,85,9,2773,6.03,0,https://www.tiktok.com/@kan_news/video/7668958034760158482,2026-08-08 08:41,223
7669020043362979090,2026-08-01,14:14,Video,"עשרות חרדים הפגינו בירושלים שבת חמישית ברציפות מול קפה ""בסימטה"" - עימותים אלימים בין שוטרים לבין מפגינים חרדים שניסו לפרוץ את המחסומים שהציבה המשטרה. עוד לפני שפרצו העימותים, בעל העסק, יואל בן דוד, אמר לכתבתנו כי השבת - בניגוד לשבתות קודמות - המשטרה נערכה למספר קטן יותר של מפגינים, ולכן למקום הגיע כוח שיטור מצומצם יותר. (ורד פלמן)",36,199655,4330,656,401,115,304,111,5691,2.85,0,https://www.tiktok.com/@kan_news/video/7669020043362979090,2026-08-08 08:41,7529
7668805011702435093,2026-08-01,08:00,Video,"זה סיפור שיש בו אגו, זעם והרבה הרבה כסף: מה ומי עומדים מאחורי שלטי החוצות נגד צביקה נווה?  הכתבה המלאה של דניאל אלעזר - הערב בחדשות השבת",49,47044,1132,51,140,48,141,11,1464,3.11,0,https://www.tiktok.com/@kan_news/video/7668805011702435093,2026-08-07 08:39,131
7668809904420900116,2026-08-01,00:39,Video,יצאנו לברר מה עומד מאחורי ההיעלמות המסתורית של הקוטג' (יובל אגסי),943,466757,20281,372,2149,490,1071,113,23873,5.11,0,https://www.tiktok.com/@kan_news/video/7668809904420900116,2026-08-07 08:39,887
7669147835115293972,2026-08-01,23:00,Video,מה עדיף - שוקולד בוטיק או שוקולד מהסופר?  (איתמר מאירי),753,8573,179,6,8,1,16,1,209,2.44,0,https://www.tiktok.com/@kan_news/video/7669147835115293972,2026-08-02 08:42,0
7669149070786579732,2026-08-01,22:35,Video,אתם בעד או נגד ראש מפלגה קטנה בראשות הממשלה?  (איילה חסון),840,21418,712,31,39,10,34,6,816,3.81,0,https://www.tiktok.com/@kan_news/video/7669149070786579732,2026-08-08 08:41,376
7669147645062941972,2026-08-01,22:29,Video,אגו ואקסית של מיליארדר: האמת מאחורי השלטים על צביקה נווה (דניאל אלעזר),935,441462,12976,248,3907,1125,2327,209,19458,4.41,0,https://www.tiktok.com/@kan_news/video/7669147645062941972,2026-08-08 08:41,1846
7669095938081770773,2026-08-01,19:09,Video,זוג הפטריוטים שהחליט לעזוב את הארץ  (מואב ורדי),62,78244,2036,680,187,63,140,42,3043,3.89,0,https://www.tiktok.com/@kan_news/video/7669095938081770773,2026-08-08 08:41,419
7669163842575846677,2026-08-01,23:32,Video,"העיתונאי המיתולוגי אורן נהרי, שח@ה בניוון שרירים: ""הייתי יכול להיות אחד הסבים הטובים בהיסטוריה""",23,123459,4595,189,135,78,152,36,5071,4.11,0,https://www.tiktok.com/@kan_news/video/7669163842575846677,2026-08-08 08:41,734
7669059007612521748,2026-08-01,16:45,Video,"""זו השליחות שלי"": דודי מזרחי קיבל דוח על עבירה שלטענתו לא ביצע. הוא לא הסכים לשלם את 200 השקלים - והגיע עם הערעור עד לבית המשפט העליון #חדשותהלילה @sharondavidovitch",56,79242,3013,135,83,23,108,18,3339,4.21,0,https://www.tiktok.com/@kan_news/video/7669059007612521748,2026-08-08 08:41,306
7669148025096391956,2026-08-01,23:30,Video,מעדיפים מזגן או ים? 🥵 (אנה פינס),169,11968,356,7,12,4,20,4,395,3.3,0,https://www.tiktok.com/@kan_news/video/7669148025096391956,2026-08-08 08:41,190
7668620269845548308,2026-07-31,12:23,Video,"קרוב ל-50 אלף אנשים פרצו לתוך המובלעת הספרדית הקטנה סאוטה שבשטח אפריקה, וזרם המהגרים לא עוצר - כך מדווחים כלי תקשורת מקומיים. בתיעוד שהפך לוויראלי, נראית משאית ש""פורקת"" עשרות אנשים באזור המובלעת, בחסות שוטר מרוקני שצופה מקרוב. בתיעודים נוספים נראים מאות אנשים פורצים דרך הים, חלק מהם בחליפות צלילה ואף מצוידים באופניים",41,138248,4323,148,505,90,232,55,5208,3.77,0,https://www.tiktok.com/@kan_news/video/7668620269845548308,2026-08-07 08:39,315
7668243062266678548,2026-07-30,11:59,Video,המלך של המוזיקה הלטינית?  @amitharari,264,18359,530,7,26,11,32,5,595,3.24,0,https://www.tiktok.com/@kan_news/video/7668243062266678548,2026-08-06 08:44,181
7668366607760084242,2026-07-30,19:59,Video,"⁨ ⁨ ⁨ ⁨ ⁨ ״מצב חירום ביטחוני והומניטרי״: אלפי מהגרים נכנסו היום אל תוך העיר סאוטה, מובלעת ספרדית המוקפת בטריטוריה מרוקנית בצפון אפריקה. בסרטונים שתיעדו את גלי המהגרים שחדרו פנימה, המהגרים הצליחו לעבור רגלית מסביב לגדרות שמקיפות את המובלעת, דרך הים, ונכנסו לתוכה ללא אישור רשמי. במובלעת קראו לסיוע של הצבא הספרדי כדי להתמודד עם כניסת המהגרים ההמונית. וזאת לאחר שמוקדם יותר השבוע כבר חצו את הגבול 1,500 מהגרים מרוקנים נוספים. אף על פי שהקהילה הבין-לאומית מכירה בסאוטה כטריטוריה של ספרד, מרוקו תובעת להח",41,450363,13552,471,1888,437,854,200,16765,3.72,0,https://www.tiktok.com/@kan_news/video/7668366607760084242,2026-08-06 08:44,850
7668411722771795220,2026-07-30,22:54,Video,למה עשרות לוחמי גבעתי עזבו את הבסיס? @roysharon11,229,227068,17424,249,636,118,790,60,19099,8.41,0,https://www.tiktok.com/@kan_news/video/7668411722771795220,2026-08-06 08:44,765
7668425014559067412,2026-07-30,23:45,Video,מורמים על כתפיים: העצורים שהתפרעו בביתו של שופט בית המשפט העליון נועם סולברג בחודש שעבר התקבלו בתשואות בטקס המוני בירושלים @daniel.grovais 📷: DOOVIDE,20,33425,1116,200,86,22,56,52,1458,4.36,0,https://www.tiktok.com/@kan_news/video/7668425014559067412,2026-08-06 08:44,218
7668299524716121352,2026-07-30,15:38,Video,"מרד בגבעתי: חיילים מחטיבת גבעתי המוצבים בבסיס שדה תימן פתחו היום במרד ועזבו את הבסיס, לאחר שמפקד הגדוד הורה להם להרוס את פינת הזיכרון של הגדוד. חייל מהבסיס מסר לכאן חדשות: ״מסיבה לא ברורה רס״ר המשמעת ניפץ את השלטים של הנופלים שי ארבס ועדי ליאון ועוד הרבה נופלים, אלה שלטים שאנחנו לוקחים איתנו לכל פעילות. זה היה ממש כואב והחלטנו ללכת״ מצה""ל נמסר: ""החיילים התבקשו להסיר שלטים הקשורים במסורת 'צעירות ותיקות' בגדוד, האירוע מתוחקר"" @itayblumental1 @roysharon11 @itsikzuarets",29,132230,6577,135,217,50,202,35,7131,5.39,0,https://www.tiktok.com/@kan_news/video/7668299524716121352,2026-08-06 08:44,202
7668303895453568277,2026-07-30,15:55,Video,מישהו הזיז את הקוטג' של רותי ברודו? מחר ב-20:00 בחדשות שישי (יובל אגסי),27,69984,1788,13,52,8,57,1,1910,2.73,0,https://www.tiktok.com/@kan_news/video/7668303895453568277,2026-08-06 08:44,197
7668411723161980180,2026-07-30,22:54,Video,איזה עוד שילוב מפתיע הייתם מנסים עם חומוס? (אלון שרביט),649,145931,2168,71,312,85,382,44,2933,2.01,0,https://www.tiktok.com/@kan_news/video/7668411723161980180,2026-08-06 08:44,628
7668238472381041941,2026-07-30,11:41,Video,בלי אפליקציות או פלייליסט: מגלים מחדש את הקסם של הדיסקים @doritassarafmizra,267,50183,4620,139,465,46,382,36,5606,11.17,0,https://www.tiktok.com/@kan_news/video/7668238472381041941,2026-08-06 08:44,216
7667952295925058836,2026-07-29,17:11,Video,משתבח עם הזמן? לא רק @rubihammerschlag,410,53600,1410,22,260,113,163,34,1855,3.46,0,https://www.tiktok.com/@kan_news/video/7667952295925058836,2026-08-05 08:47,400
7668046898334403860,2026-07-29,23:18,Video,"""החלטתי שאני אגשים את כל מה שאלמוג לא הספיק. הוא חי דרכי"" 💔 כמעט שנתיים חלפו מאז איבד יגאל את בנו אלמוג, שהיה בין ששת החטופים שנר3חו בעזה. עד היום הנורא הוא פעל בלי הפסקה כדי להשיב את בנו, והיום משימת חייו היא ההנצחה - אבל גם את החלום הזה הוא מנסה להגשים לבד, כמעט בלי עזרה. להתנדבות ותרומות למרכז הלימודי לזכרו של אלמוג חפשו ""אין טוב מלהיות טוב""  (אורן אהרוני)",87,43416,2750,106,26,4,86,9,2968,6.84,0,https://www.tiktok.com/@kan_news/video/7668046898334403860,2026-08-05 08:47,643
7667952820246859028,2026-07-29,21:00,Video,הרס עצום ואפילו חשש קצר לצונאמי ביפן (איתמר וישנקו),187,17879,450,11,43,14,23,9,527,2.95,0,https://www.tiktok.com/@kan_news/video/7667952820246859028,2026-08-05 08:47,239
7668050283703930133,2026-07-29,23:31,Video,איך תמנעו ממפגש עם נחש? 🐍 (נוב ראובני),203,400094,12172,218,3103,794,1092,212,16585,4.15,0,https://www.tiktok.com/@kan_news/video/7668050283703930133,2026-08-05 08:47,1126
7668014146650180884,2026-07-29,21:11,Video,"ללא חולצה בתחנת הדלק: זה התיעוד האחרון של אלדר דיין, רגע לפני שנעלם. במשטרה מעריכים כי דיין ירד למחתרת אחרי שנהג ברכב ללא רישיון נהיגה, פגע בחברו והביא לפ3יעתו באורח קל. גורם במשטרה אמר כי החוקרים קרובים למציאתו של הנעדר אלדר דיין: ""אנחנו סוגרים עליו, ייתכן שנגיע אליו ממש בקרוב"" @itsikzuarets",14,18860,380,7,23,7,19,3,429,2.27,0,https://www.tiktok.com/@kan_news/video/7668014146650180884,2026-08-05 08:47,531
7667950751859166484,2026-07-29,19:00,Video,"טוויסט בחקירה: האם אלדר, שאתמול עוד חששו לחייו, הוא למעשה נמלט מהחוק? @itsikzuarets",175,334208,10289,157,447,118,598,74,11491,3.44,0,https://www.tiktok.com/@kan_news/video/7667950751859166484,2026-08-05 08:47,2211
7667909645641518356,2026-07-29,14:25,Video,"ח""כ מנסור עבאס, יו""ר רע""מ: ""אנחנו לא מתווכחים על האם יהיה שירות לאומי (לאזרחים ערבים), אלא על איזה שירות. צריך לחזק את המעמד במדינת ישראל, אי אפשר להשיג שוויון בלי לעשות דבר"" @yaara.shapira 📷: הכנס השנתי של רדיו א-שמס בנצרת",33,42076,1351,161,94,28,71,23,1677,3.99,0,https://www.tiktok.com/@kan_news/video/7667909645641518356,2026-08-05 08:47,458
7667945946705153300,2026-07-29,16:46,Video,?אושר עד יצליחו להביס את קוסקו,550,12929,330,8,11,2,23,0,372,2.88,0,https://www.tiktok.com/@kan_news/video/7667945946705153300,2026-08-05 08:47,131
7667842035432410389,2026-07-29,10:03,Video,"החייל ירין קניאס, שמתנדב כזמר בלהקת גדולים במדים, כובש את הרשת - ואת לבבות הגולשים  #חדשותהלילה @sharondavidovitch",66,477184,40176,598,6197,641,1533,138,48504,10.16,0,https://www.tiktok.com/@kan_news/video/7667842035432410389,2026-08-05 08:47,3259
7667949598215900417,2026-07-29,17:01,Video,"בזמן שכולם מסתכלים על איראן, סעודיה מתקרבת בעצמה לגרעין בחסות ארה""ב. מה באמת רוצה בן סלמאן, והאם המזרח התיכון בדרך למרוץ חימוש חדש? @roikais1987 #בשכונה_שלנו",373,9364,298,6,7,0,23,1,334,3.57,0,https://www.tiktok.com/@kan_news/video/7667949598215900417,2026-08-05 08:47,204
7667842289158343957,2026-07-29,10:04,Video,עוד חלום שמתגשם: ירין קניאס מגיש את חדשות הלילה בכאן 11 #חדשותהלילה @sharondavidovitch,43,610376,53609,837,7118,714,1898,172,63462,10.4,1,https://www.tiktok.com/@kan_news/video/7667842289158343957,2026-08-05 08:47,4087
7667828204358339860,2026-07-29,09:09,Video,"נתניהו לא חושש מממדאני, שרמז שידאג למעצרו כשיגיע לעצרת האו""ם בניו יורק (איתמר מרגלית) צילום: פוקס ניוז",29,90267,5065,192,114,21,173,37,5544,6.14,0,https://www.tiktok.com/@kan_news/video/7667828204358339860,2026-08-05 08:47,791
7667465290229370130,2026-07-28,12:00,Video,תפריט? לא אצלנו #שף #מסעדות #מסעדה  (עופר חלפון),417,21573,512,10,40,5,67,4,629,2.92,0,https://www.tiktok.com/@kan_news/video/7667465290229370130,2026-08-04 08:39,117
7667667531234020629,2026-07-28,22:46,Video,קיילי מפרסמת משקפיים טכנולוגיים - שמעוררים לא מעט ביקורת @maylaurencelola,260,83663,4197,52,214,21,254,6,4717,5.64,0,https://www.tiktok.com/@kan_news/video/7667667531234020629,2026-08-04 08:39,377
7667542332983561493,2026-07-28,14:40,Video,"בתום מרדף ממושך: המשטרה עצרה את אביאור ששון, חשוד מרכזי בר@ח בניהו רזי ז""ל  (ורד פלמן) צילום: דווברות המשטרה",13,185701,8979,187,361,62,421,39,9948,5.36,0,https://www.tiktok.com/@kan_news/video/7667542332983561493,2026-08-04 08:39,234
7667586480315026708,2026-07-28,17:31,Video,"אימו של בניהו רזי ז""ל התבשרה בשידור חי על המעצר של אביאור ששון, החשוד המרכזי בר@ח בנה, שהצליח להימלט מהמשטרה עד כה הריאיון המלא - ב-#כאןבשש @lielkyzer1",29,194644,15155,162,263,33,521,36,16101,8.27,0,https://www.tiktok.com/@kan_news/video/7667586480315026708,2026-08-04 08:39,251
7667448371874925842,2026-07-28,08:35,Video,"⁨ פעמיים תוך כשלושה שבועות: דלת הכניסה של מערכת חדשות 12 בתל אביב נופ3ה פעם נוספת על ידי אלמונים, בפעם השנייה החודש - כך דיווחו הבוקר בערוץ. ""אנחנו מזועזעים אבל לא מופתעים מהאלימות ששוב חוצה גבול מסוכן ולא בפעם הראשונה"", אמרו בערוץ לאחר האירוע. ""זה מגיע לאחר שכבר כמה פעמים רוססו כתובות גרפיטי המסיתות לאלימות נגד עיתונאינו"". עוד הוסיפו בחברת החדשות ואמרו כי ""ממשלת ישראל ושר התקשורת צריכים לחדול מהשתלחויות מסיתות וחסרות רסן בתקשורת החופשית, שמובילות גם למעשים חמורים. אנו לא נירתע גם לנוכח החקיקה, ",14,19943,477,112,5,1,22,5,616,3.09,0,https://www.tiktok.com/@kan_news/video/7667448371874925842,2026-08-03 08:43,195
7667464863572086023,2026-07-28,09:39,Video,לאן הוא נעלם? @annapines_,158,246433,10483,260,577,155,517,57,11837,4.8,0,https://www.tiktok.com/@kan_news/video/7667464863572086023,2026-08-04 08:39,266
7667299718753553672,2026-07-28,08:00,Video,הוא לא אמור להיות טוב בפוקר פייס? @itsikzuarets,167,120923,2802,19,413,147,219,46,3453,2.86,0,https://www.tiktok.com/@kan_news/video/7667299718753553672,2026-08-03 08:43,657
7667671343927856405,2026-07-28,23:01,Video,"סיפורו של רג'פ טאיפ ארדואן, נשיא טורקיה שרואה בישראל אויב ומצהיר כי ""ירושלים היא העיר שלנו"". האם ישראל ניצבת מול אויב מסוג שלא הכירה? מתוך ""אויבים"", כאן 11",37,41606,1236,68,114,58,79,30,1497,3.6,0,https://www.tiktok.com/@kan_news/video/7667671343927856405,2026-08-04 08:39,374
7667164792607722773,2026-07-27,14:15,Video,"""רצינו להתפרע"": בר אלמליח (הפשוטע) סיפר על יצירת הסדרה שלו - ""הפשוטע"" (שרון דוידוביץ')",24,13540,686,3,8,2,17,1,714,5.27,0,https://www.tiktok.com/@kan_news/video/7667164792607722773,2026-08-03 08:43,249
7667164462008356117,2026-07-27,14:14,Video,גדלתם על הילה הילה? שושה עושה קאמבק @doritassarafmizra,177,77790,3765,116,695,186,307,76,4883,6.28,0,https://www.tiktok.com/@kan_news/video/7667164462008356117,2026-08-03 08:43,1176
7667253862444584212,2026-07-27,20:00,Video,"עמיר בניון: ""אני מרגיש אווירה של מלחמת אחים רק כשאני פותח את הטלוויזיה, לא בסביבה הקרובה שלי"" (איילה חסון)",49,28276,1364,60,16,5,47,8,1487,5.26,0,https://www.tiktok.com/@kan_news/video/7667253862444584212,2026-08-03 08:43,459
7667304976783396114,2026-07-27,23:19,Video,לא פשוטע בכלל @doritassarafmizra @officialhapshuta @kan_il,334,5493,245,3,7,0,7,2,262,4.77,0,https://www.tiktok.com/@kan_news/video/7667304976783396114,2026-07-28 08:40,0
7667186933164018965,2026-07-27,15:41,Video,הודיה ואור בוזגלו עומדים להפוך להורים - בצל יוקר המחיה @lielkyzer1,47,39457,1404,32,59,10,55,4,1550,3.93,0,https://www.tiktok.com/@kan_news/video/7667186933164018965,2026-08-03 08:43,233
7667146182468046100,2026-07-27,13:03,Video,שנתיים אחרי: במג'דל שמס מתמודדים עם האובדן של 12 הילדים שנרצח! מפגיעת טיל במגרש הכדורגל ביישוב (ריאד עלי),34,30514,1557,65,19,0,63,8,1704,5.58,0,https://www.tiktok.com/@kan_news/video/7667146182468046100,2026-08-03 08:43,375
7667253988571532565,2026-07-27,20:01,Video,"התגעגעתם? נייג'ל האדמו""ר מתכנן קאמבק @mayarachlin #כאןבשש",44,97403,4555,69,399,118,274,36,5297,5.44,0,https://www.tiktok.com/@kan_news/video/7667253988571532565,2026-08-03 08:43,697
7667305540015443218,2026-07-27,23:21,Video,הישראלים שמוכיחים שאפשר לגור ביחד בשכנות טובה (ערן זינגר),356,81907,2265,91,418,119,339,105,3113,3.8,0,https://www.tiktok.com/@kan_news/video/7667305540015443218,2026-08-03 08:43,517
7667202271762992405,2026-07-27,16:40,Video,"אלדר דיין, בן 23 מדימונה, נעדר כבר יותר משבוע. הוא נראה בפעם האחרונה ביום שישי 17 ביולי, כשישב עם חבריו בפארק הירקון. אימו שילת סיפרה כי קטטה התפתחה במקום בין חבורתו של אלדר לצעירים נוספים, שביקשו להצטרף לבילוי וסורבו. ההודעה האחרונה ששלח לבת זוגו (""שהפכה לבת הזוג לשעבר מאז"") הייתה: ""יש פה בלגן"", ומאז נעלמו עקבותיו  (תמר אלמוג) @ifatglick1 #גליקותמר",58,386303,20050,351,1251,254,776,78,22428,5.81,0,https://www.tiktok.com/@kan_news/video/7667202271762992405,2026-08-03 08:43,887
7666732436167888149,2026-07-26,10:17,Video,מתאבק ה-MMA הישראלי שנלחם גם באנטישמיות (אוריה אלקיים),574,47016,2432,55,89,16,128,8,2704,5.75,0,https://www.tiktok.com/@kan_news/video/7666732436167888149,2026-08-02 08:42,510
7666932052159221013,2026-07-26,23:12,Video,הכתובת הייתה על הקיר? בברלין המומים מהפיג!ע במצעד הגאווה (דב גיל הר),220,70985,2756,69,107,18,111,10,3043,4.29,0,https://www.tiktok.com/@kan_news/video/7666932052159221013,2026-08-02 08:42,128
7666863880831798549,2026-07-26,18:47,Video,"אימו של רס""ן יובל עזרא, שנפל בפיגוע בשומרון ביום שישי, בהספד קורע לב לבנה: ""יושבת וכותבת לך, ולעולם כבר לא אקבל תשובה""",40,53040,4947,319,36,9,90,7,5392,10.17,0,https://www.tiktok.com/@kan_news/video/7666863880831798549,2026-08-02 08:42,125
7666932045158812949,2026-07-26,23:12,Video,שנתיים מאז הטיל שהRג 12 ילדים וילדות שרק רצו לשחק כדורגל 💔 (ריאד עלי),495,149816,10389,336,237,43,416,47,11378,7.59,0,https://www.tiktok.com/@kan_news/video/7666932045158812949,2026-08-02 08:42,403
7666826277931748629,2026-07-26,16:21,Video,נתן לוי - לוחם MMA ישראלי ופטריוט גדול (אוריה אלקיים),30,32370,1650,15,11,2,37,4,1713,5.29,0,https://www.tiktok.com/@kan_news/video/7666826277931748629,2026-08-02 08:42,302
7666841608981204245,2026-07-26,17:21,Video,"""היו לי תחושות אשמה קשות מאוד, ניצלתי מחיים שמתנפצים לרסיסים"": יובל בן ה-4 והוריו מסכמים את החוויה המטלטלת שעברו בסוף השבוע @ifatglick1, תמר אלמוג",59,627585,40530,473,1647,297,1700,146,44350,7.07,1,https://www.tiktok.com/@kan_news/video/7666841608981204245,2026-08-02 08:42,1437
7666211597643468052,2026-07-25,00:36,Video,"""אני מרגיש שאני לא מצליח להגן על הילדים שלי"": דוד הדבוראי סובל מטר!ר חקלאי שהולך ומחמיר במשך חודשים ארוכים - ולא מצליח לקבל סיוע מהמדינה #גליקותמר @ifatglick1 ותמר אלמוג",71,26625,1103,108,39,18,28,15,1278,4.8,0,https://www.tiktok.com/@kan_news/video/7666211597643468052,2026-07-31 08:38,108
7666526427461946645,2026-07-25,20:58,Video,"""איפה היית חמודי?"": השיחה של יובל קוגן בן ה-4 עם השוטרים לאחר שנמצא (אסף פוזיילוב)",13,837399,50820,787,1614,273,2380,176,55601,6.64,1,https://www.tiktok.com/@kan_news/video/7666526427461946645,2026-08-01 08:42,2846
7666545865863056660,2026-07-25,22:13,Video,הסיפור של השחקן הצרפתי-אלג'יראי שמשחק בפאודה @maylaurencelola,711,242299,13261,74,1266,151,1386,45,15987,6.6,0,https://www.tiktok.com/@kan_news/video/7666545865863056660,2026-08-01 08:42,571
7666526572995726612,2026-07-25,20:58,Video,"""מצאנו את הילד, אני פה עם הסוס"": השיחה של נתנאל ביטון למשטרה אחרי שהוא ונועם שמחי מצאו את יובל קוגן בן ה-4 (איציק זוארץ)",20,243764,15686,118,251,45,722,26,16777,6.88,0,https://www.tiktok.com/@kan_news/video/7666526572995726612,2026-08-01 08:42,717
7666215611747421460,2026-07-25,00:52,Video,הרגע ששימח מדינה שלמה ♥️ (אסף פוזיילוב),238,62763,2629,41,99,47,170,15,2939,4.68,0,https://www.tiktok.com/@kan_news/video/7666215611747421460,2026-07-31 08:38,154
7666548157593095445,2026-07-25,22:22,Video,שרפות ענק בצרפת וספרד - מאות אלפי אנשים פונו מבתיהם (דב גיל-הר),182,52172,1664,90,147,62,99,26,2000,3.83,0,https://www.tiktok.com/@kan_news/video/7666548157593095445,2026-08-01 08:42,396
7666384289491389717,2026-07-25,11:46,Video,קטעים נבחרים מהנאום של טראמפ בארוחת הערב השנתית של כתבי הבית הלבן 😳  📸: AP,72,43851,1549,61,318,85,102,47,2030,4.63,0,https://www.tiktok.com/@kan_news/video/7666384289491389717,2026-08-01 08:42,125
7666443382704753940,2026-07-25,15:35,Video,רץ ברשת: אדם בתחפושת של ספיידרמן עזר לאיש בכיסא גלגלים לחצות כביש סואן  (איתמר מרגלית),7,49039,1316,32,65,4,29,6,1442,2.94,0,https://www.tiktok.com/@kan_news/video/7666443382704753940,2026-08-01 08:42,617
7665824284836760852,2026-07-24,08:00,Video,בזכות סרטון ליוטיוב: קבוצת צוללנים בצרפת מצאה פתרון לתעלומה של שנים שטמונה בנהר בצרפת  (דב גיל-הר),245,168189,7406,62,224,34,450,24,8142,4.84,0,https://www.tiktok.com/@kan_news/video/7665824284836760852,2026-07-30 08:41,295
7665824994710113556,2026-07-24,00:00,Video,"התפתחות בחקירת רצח בניהו רזי: המשטרה עצרה שני חשודים נוספים בפרשה, ובמקביל, חשוד בו 17 נמלט מהזירה (ורד פלמן)",207,177679,7759,200,491,112,566,64,9016,5.07,0,https://www.tiktok.com/@kan_news/video/7665824994710113556,2026-07-30 08:41,1738
7666090457486642453,2026-07-24,16:46,Video,"""יש ניסים בעולם"": נועם שמחי שאיתר את יובל כוגן בן הארבע מספר כיצד מצא אותו - ""בכלל טעיתי בדרכים עם הסוס"" @itsikzuarets",24,507495,37297,711,1232,339,1405,208,40645,8.01,1,https://www.tiktok.com/@kan_news/video/7666090457486642453,2026-07-31 08:38,1379
7666000708377890069,2026-07-24,10:58,Video,"אימו של יובל כוגן זועקת לעזרת הציבור: ""יש כאן שב""כ ומשטרה אבל זה לא מספיק, צריכה את כולם על הרגליים""  המשטרה ביקשה כי כל היודע דבר על מקום הימצאו או ברשותו מידע שעשוי לסייע באיתורו, מתבקש להתקשר מיד למוקד 100 של משטרת ישראל או לתחנת משטרת אשקלון. בטלפון: 08-6771440 @itsikzuarets",31,468703,26500,776,674,116,798,106,28748,6.13,0,https://www.tiktok.com/@kan_news/video/7666000708377890069,2026-07-31 08:38,398
7666077828290645268,2026-07-24,15:57,Video,"יובל קוגן בן ה-4 שנעדר מאתמול אותר בחיים, בריא ושלם @איציק זוארץ Itsik Zuarets ",9,740356,52901,1512,3366,1047,2285,444,60064,8.11,0,https://www.tiktok.com/@kan_news/video/7666077828290645268,2026-07-31 08:38,1779
7666085555318492436,2026-07-24,16:27,Video,"מחכה לו עם ארטיק: אחרי יותר מיממה של חרדה וחוסר אונים, אמא של יובל קוגן בן ה-4 בשיחה ראשונה עם בנה אחרי שאותר @itsikzuarets",36,63966,3145,78,91,28,141,22,3455,5.4,0,https://www.tiktok.com/@kan_news/video/7666085555318492436,2026-07-31 08:38,152
7666008021524417809,2026-07-24,11:26,Video,"כמעט 70% פחות זמן במסיבות, פחות מפגשים עם חברים ויותר שעות מול המסך. איך דור ה-Z הפך לבודד כל כך במציאות? #סיפור_עולמי (מיכל רשף)",414,329281,19323,630,3781,995,2181,277,25915,7.87,0,https://www.tiktok.com/@kan_news/video/7666008021524417809,2026-07-31 08:38,1680
7666090777084316948,2026-07-24,16:47,Video,מרגש: אמא של יובל בן ה-4 מתאחדת עם בנה אחרי יממה שבה היה נעדר (אורלי אלקלעי),13,91499,4352,105,316,127,182,63,4955,5.42,0,https://www.tiktok.com/@kan_news/video/7666090777084316948,2026-07-31 08:38,298
7665714659055422740,2026-07-23,16:28,Video,איראן שיגרה טילים לירדן ותושבים רבים שהגיעו לנופש באילת מצאו את עצמם בין הדי פיצוצים @itsikzuarets,193,47429,795,10,91,35,49,8,945,1.99,0,https://www.tiktok.com/@kan_news/video/7665714659055422740,2026-07-30 08:41,160
7665453112836099348,2026-07-23,08:00,Video,"מה קורה בנתניה? אחרי גל התקיפות נגד נהגי אוטובוס בעיר, שוחחנו עם דני שנדקר בידי נער בן 13 @ifatglick1",361,166319,7298,288,899,182,568,71,9053,5.44,0,https://www.tiktok.com/@kan_news/video/7665453112836099348,2026-07-29 08:40,796
7665725243092159765,2026-07-23,17:09,Video,הנוסע שנשאב מחלון המטוס וכמעט נהרג מדבר לראשונה (דב גיל-הר),208,161259,6028,54,664,79,421,35,7167,4.44,0,https://www.tiktok.com/@kan_news/video/7665725243092159765,2026-07-30 08:41,293
7665724014089850133,2026-07-23,17:04,Video,"מגיש החדשות הראשון בישראל, חיים יבין, נפטר בגיל 93 (דנה הרמן)",494,21002,503,27,13,6,33,9,576,2.74,0,https://www.tiktok.com/@kan_news/video/7665724014089850133,2026-07-30 08:41,91
7665712644770237717,2026-07-23,16:20,Video,בגלל מהפכת הבינה המלאכותית: גל פיטורים בהייטק הישראלי  @ittaishick,38,481446,23468,470,2442,583,1297,230,27677,5.75,1,https://www.tiktok.com/@kan_news/video/7665712644770237717,2026-07-30 08:41,1363
7665713036602314005,2026-07-23,16:21,Video,האם בכלל יתקיימו בחירות מקדימות בליכוד? @shahar_glick1,154,10440,143,15,2,2,4,1,164,1.57,0,https://www.tiktok.com/@kan_news/video/7665713036602314005,2026-07-30 08:41,62
7665740183018474773,2026-07-23,18:07,Video,"חיים יבין ז""ל הפך ל""מר טלוויזיה"" ממש במקרה: ""לבשתי את הז'קט מהחתונה למהדורה הראשונה"" (דנה הרמן)",42,24637,467,20,21,11,30,7,538,2.18,0,https://www.tiktok.com/@kan_news/video/7665740183018474773,2026-07-30 08:41,81
7665708513699613973,2026-07-23,16:04,Video,מי מנסה להתערב בבחירות הקרובות? @yaara.shapira,218,10838,339,12,7,2,19,1,377,3.48,0,https://www.tiktok.com/@kan_news/video/7665708513699613973,2026-07-30 08:41,88
7665068534757657863,2026-07-22,08:00,Video,מסמך חדש באיטליה מבקש לסמן את העסקים שנותנים שירות לתיירים הישראלים (איתמר וישנקו),168,105633,5530,199,1406,470,442,133,7577,7.17,0,https://www.tiktok.com/@kan_news/video/7665068534757657863,2026-07-28 08:40,1002
7665330645706624277,2026-07-22,15:37,Video,"ומה יקרה אם חמאס ינצח? אחרי 20 שנה אבו מאזן הכריז על בחירות, אבל כבר השאיר לעצמן דרך לבטל אותן @elior_levy #שובר_חומות",355,23433,639,14,17,4,39,11,709,3.03,0,https://www.tiktok.com/@kan_news/video/7665330645706624277,2026-07-29 08:40,147
7665244303299480852,2026-07-22,10:02,Video,ליל מנוחה וחלום: מופע האיחוד של הכבש השישה עשר יורד מהבמות @doritassarafmizra,243,13594,1144,19,93,19,60,4,1316,9.68,0,https://www.tiktok.com/@kan_news/video/7665244303299480852,2026-07-29 08:40,101
7665246464628542741,2026-07-22,10:11,Video,הדילים של שבוע הזהב: כמה תעלה חופשה אחרי החופש הגדול ולפני ראש השנה? @Ofir.halperin,390,367381,17262,78,5769,1647,3340,200,26449,7.2,0,https://www.tiktok.com/@kan_news/video/7665246464628542741,2026-07-29 08:40,782
7665430455746923797,2026-07-22,22:05,Video,חזרנו למי שטוענים שפגשו חייזרים בישראל כדי לברר מדוע הם מצאו - ולמה מאז הם לא שבים? (אלון שרביט),81,465702,22490,573,3343,412,2063,152,28469,6.11,0,https://www.tiktok.com/@kan_news/video/7665430455746923797,2026-07-29 08:40,1464
7665327099678346517,2026-07-22,15:24,Video,Israeli mentalist correctly predicted the World Cup final score,50,68535,1998,74,70,28,72,10,2214,3.23,0,https://www.tiktok.com/@kan_news/video/7665327099678346517,2026-07-29 08:40,179
7665244201793129748,2026-07-22,10:02,Video,טיפים לצום - על חשבון הציבור: קמפיין המשפיענים של משרד ראש הממשלה @amitharari,158,92819,3240,263,125,19,129,22,3757,4.05,0,https://www.tiktok.com/@kan_news/video/7665244201793129748,2026-07-29 08:40,58
7665394629889510676,2026-07-22,19:46,Video,"רה""מ נתניהו בהצהרה לרגל תשעה באב: ""אני יודע שבתקופת הבחירות יהיו ויכוחים שיקשו עלינו לראות את זה, אבל אנחנו הרבה יותר מאוחדים ממה שנדמה"" @yaara.shapira וגילי כהן 📷: רועי אברהם, ניר שרף / לע""מ",42,59066,4346,688,262,60,154,58,5450,9.23,0,https://www.tiktok.com/@kan_news/video/7665394629889510676,2026-07-29 08:40,380
7665229152026430740,2026-07-22,10:00,Video,"""אם לא יהיה פה משהו טוב יותר ממה שהיה קודם, אז למוות שלו באמת אין שום משמעות"" ליאת אצילי, ששרדה את השבי ואיבדה את בעלה אביב ב-7 באוקטובר, מנסה לבנות מחדש את חייה, וגם את ניר עוז 🎧 ""עד הקצה"" עם קרן נויבך, הסכת האקטואליה החדש מבית כאן חדשות, זמין באתר וביישומון כאן ובכל יישומוני ההסכתים",37,6282,240,9,2,1,6,3,257,4.09,0,https://www.tiktok.com/@kan_news/video/7665229152026430740,2026-07-29 08:40,47
7665450526632447252,2026-07-22,23:23,Video,מה שפחדנו ממנו הגיע? חברות הייטק מפטרים עובדים בגלל ה- AI @ittaishickman2,185,44421,962,70,309,130,127,59,1468,3.3,0,https://www.tiktok.com/@kan_news/video/7665450526632447252,2026-07-29 08:40,234
7665228221310356756,2026-07-22,09:00,Video,"""צריך אותנו עכשיו"": עוד ועוד נערות דתיות עושות הכול כדי להתגייס לקרבי  @nofar_moshe_ferdo",33,155669,15849,198,271,35,420,37,16738,10.75,0,https://www.tiktok.com/@kan_news/video/7665228221310356756,2026-07-29 08:40,221
7665068179810438407,2026-07-21,22:39,Video,חבורת היוטיוברים כובשת את הקולנוע @liran_kogahinoff,203,67674,2638,68,161,44,177,21,3044,4.5,0,https://www.tiktok.com/@kan_news/video/7665068179810438407,2026-07-28 08:40,204
7664988782508166408,2026-07-21,17:31,Video,״״תומכי פלסטין ואיראן הם אלופי העולם״: איראן שיגרה כטב_מ שעליו תמונתו של כוכב נבחרת ספרד לאמין ימאל מניף את הדגל הפלסטיני לתקוף בבסיסים אמריקניים במפרץ @roikais1987 (עומר שחר),15,57788,1273,60,305,40,77,18,1715,2.97,0,https://www.tiktok.com/@kan_news/video/7664988782508166408,2026-07-28 08:40,350
7665047850262367508,2026-07-21,21:20,Video,"שורד השבי עמרי מירן: ""רואים את סדרי העדיפויות של ההנהגה לפי החוקים שעברו בשבוע האחרון בכנסת. זו פשוט הפניית עורף לכל מה שחונכנו""  #בנימיניוגואטה כאן חדשות ברשת ב'",83,6913,245,12,4,3,7,3,268,3.88,0,https://www.tiktok.com/@kan_news/video/7665047850262367508,2026-07-28 08:40,71
7664575270698962193,2026-07-20,14:47,Video,"מלכת הדיבובים: גם אתם גדלתם על סרטי דיסני ולא ידעתם שרותי הולצמן היא הקול האייקוני הזה? שוקולד מנטה מסטיק ברשת ב', שישי החל מ-11:00",72,93877,4722,83,409,74,259,41,5473,5.83,0,https://www.tiktok.com/@kan_news/video/7664575270698962193,2026-07-27 08:39,470
7664638862102105365,2026-07-20,18:53,Video,"תיעוד קשה: קרי@ת המרפסת בירושלים - שגרמה למו@ו של בן 80 שנל@ד תחת ההריסות @haimgoldich 📸: מגן דוד אדום, צוות שערי חסד",55,77071,1054,18,204,47,65,23,1341,1.74,0,https://www.tiktok.com/@kan_news/video/7664638862102105365,2026-07-27 08:39,537
7664602519905127701,2026-07-20,16:32,Video,"המנטליסט שימי אטיאס הגיע לאולפן שלנו ביום שישי, כתב את הנבואה שלו לתוצאת גמר המונדיאל והכניס למעטפה סגורה. האם הוא צדק?  #גליקותמר (תמר אלמוג) @ifatglick1 @shimi_atias",68,451651,15430,423,646,139,562,43,17061,3.78,0,https://www.tiktok.com/@kan_news/video/7664602519905127701,2026-07-27 08:39,593
7664694115694611733,2026-07-20,22:27,Video,"""מסיתים לרצח"": הרב לנדו תקף את הציבור הדתי-לאומי  (דניאל גרובייס)",155,6748,149,17,14,6,17,6,197,2.92,0,https://www.tiktok.com/@kan_news/video/7664694115694611733,2026-07-21 10:21,94
7664690394747260180,2026-07-20,22:13,Video,האיש שערק מדומרני לג'ורשי - וח!סל: תיעוד מהמל@מה בין משפחות הפ@ע @Hadas grinberg ,946,148488,3674,36,719,264,644,110,5073,3.42,0,https://www.tiktok.com/@kan_news/video/7664690394747260180,2026-07-27 08:39,549
7664693783107390740,2026-07-20,22:26,Video,סינוואר החדש: הכירו את ח'ליל אל-חיה (לירן אהרוני),155,9175,101,3,5,2,11,3,120,1.31,0,https://www.tiktok.com/@kan_news/video/7664693783107390740,2026-07-27 08:39,140
7664689881314037013,2026-07-20,22:11,Video,אס!ן בירושלים: מרפסת קר@ה על מאפייה - בן 80 נה@ג לעיני משפחתו (חיים גולדיטש),114,202585,3267,52,351,65,222,57,3892,1.92,0,https://www.tiktok.com/@kan_news/video/7664689881314037013,2026-07-27 08:39,507
7664696675994225940,2026-07-20,22:37,Video,הבורקס שכובש את ניו יורק (נתן גוטמן),582,201028,10662,82,871,246,588,49,12203,6.07,0,https://www.tiktok.com/@kan_news/video/7664696675994225940,2026-07-27 08:39,537
7664125531796901137,2026-07-19,09:42,Video,"איך יהונתן כהן הפך לאוהד כדורגל? ⚽ השדר שישדר הערב את גמר המונדיאל מספר על המשחק הראשון שהפחיד אותו, ועל היציע שבו מצא תחושת שייכות וביטחון. 🎧 ""עד הקצה"" עם @kereneubach, הסכת האקטואליה החדש מבית כאן חדשות, זמין באתר וביישומון כאן ובכל יישומוני ההסכתים עיצוב AI: @talfraz",66,12351,773,19,45,11,35,6,872,7.06,0,https://www.tiktok.com/@kan_news/video/7664125531796901137,2026-07-26 08:37,234
7664196539727826192,2026-07-19,14:17,Video,"מיליונים חגגו כאן את הזכייה ב-2022. הערב, בואנוס איירס מחכה לראות אם מסי יעשה את זה שוב 🏆 (יואב זהבי, שליח כאן חדשות לבואנוס איירס)",40,165321,9481,206,217,34,334,25,10238,6.19,0,https://www.tiktok.com/@kan_news/video/7664196539727826192,2026-07-26 08:37,275
7664329542697323797,2026-07-19,22:53,Video,אחרי הפציעה הגיעה האהבה: סרן מתן לוי שנפצע באורח אנוש בעזה התחתן (איתמר מאירי),55,246248,26791,348,573,69,589,35,28301,11.49,0,https://www.tiktok.com/@kan_news/video/7664329542697323797,2026-07-26 08:37,1556
7664129995593305345,2026-07-19,11:00,Video,"מתוך הפציעה הקשה צמחה אהבה גדולה. מתן, שאיבד את מאור עיניו במלחמה, התחתן עם תורי שהכיר במהלך השיקום ❤️ (איתמר מאירי)",645,22310,1474,65,50,21,50,16,1639,7.35,0,https://www.tiktok.com/@kan_news/video/7664129995593305345,2026-07-26 08:37,132
7663983289857871125,2026-07-19,00:29,Video,איך קצין משטרה בילה עם עבריינים במועדון? (איילה חסון),186,395487,12718,232,3197,706,1300,248,17447,4.41,0,https://www.tiktok.com/@kan_news/video/7663983289857871125,2026-07-25 08:40,1357
7664251377299885333,2026-07-19,17:49,Video,"16 שנה אחרי הזכייה האחרונה: ספרד שוב מרגישה קרובה לגביע העולם. ברחובות מדריד כבר בטוחים - גם מסי וארגנטינה לא יעצרו את החלום על גביע נוסף דב גיל-הר, שליח כאן חדשות למדריד",39,12412,363,8,11,0,7,2,389,3.13,0,https://www.tiktok.com/@kan_news/video/7664251377299885333,2026-07-26 08:37,124
7664249843308596501,2026-07-19,17:43,Video,"איך אומרים מסי בקופיפית? אחרי שחזה במדויק את הניצחונות של ספרד וארגנטינה על יריבותיהן בחצאי הגמר, עידו קוף הטמרין מהספארי ברמת גן שם את כל הבוטנים על ניצחון לארגנטינה. עכשיו נצטרך לחכות כמה שעות לגמר כדי לראות אם פעם נוספת - הקוף צדק",42,68587,1587,44,218,27,53,13,1902,2.77,0,https://www.tiktok.com/@kan_news/video/7664249843308596501,2026-07-26 08:37,164
7663764068389424391,2026-07-18,10:18,Video,״משהו בי לא נותן לי למ!ת״: מינה היא האישה היחידה בעולם שחלתה בסרטן אלים 7 פעמים - והחלימה  (קטי דור),50,91762,7111,100,328,87,290,39,7829,8.53,0,https://www.tiktok.com/@kan_news/video/7663764068389424391,2026-07-25 08:40,308
7663841939443223815,2026-07-18,15:20,Video,"האם נתניהו ייעצר כשיגיע לעצרת האו״ם בניו יורק? ראש העיר ממדאני: ״הוא פושע מלחמה, אני בודק את האפשרויות עם המחלקה המשפטית שלנו״  (איתמר מרגלית) 📸: הניו יורק טיימס",41,128770,2616,515,306,71,199,65,3636,2.82,0,https://www.tiktok.com/@kan_news/video/7663841939443223815,2026-07-25 08:40,427
7663855700652608775,2026-07-18,16:14,Video,מסע במנהרת הזמן: שנות ה-80 נגד שנות ה-90 - מי העשור המנצח? (יובל אגסי),1989,5661,75,9,6,4,7,1,97,1.71,0,https://www.tiktok.com/@kan_news/video/7663855700652608775,2026-07-25 08:40,142
7663822654780050696,2026-07-18,14:06,Video,"חני נחמיאס עונה לביקורת על כך שהתראיינה בערוץ 14: ״אני לא אדיר את צופי הערוץ הזה, לא תסתמו לי את הפה״ #גליקותמר (תמר אלמוג) @ifatglick1",37,31430,1262,55,20,6,45,5,1382,4.4,0,https://www.tiktok.com/@kan_news/video/7663822654780050696,2026-07-25 08:40,341
7663836787499879688,2026-07-18,15:00,Video,הטרנד החדש שכובש את חטיבות הביניים: בני נוער משקיעים עשרות אלפי דולרים בבורסה (יותם ווקס),51,685634,31057,441,8143,2506,2949,524,42590,6.21,1,https://www.tiktok.com/@kan_news/video/7663836787499879688,2026-07-25 08:40,4932
7663608878789102869,2026-07-18,00:16,Video,לא פעם ולא פעמיים: סבתא מינה החלימה שבע פעמים מסרטן 🙌 (קטי דור),767,95415,7293,66,204,52,254,30,7817,8.19,0,https://www.tiktok.com/@kan_news/video/7663608878789102869,2026-07-24 08:31,172
7663479922958159124,2026-07-17,15:56,Video,הפסטיבל היחיד מסוגו בעולם (דני דגן),769,6100,131,7,3,2,10,2,151,2.48,0,https://www.tiktok.com/@kan_news/video/7663479922958159124,2026-07-24 08:31,62
7663589899827825941,2026-07-17,23:02,Video,"""הרגשה של נטישה"": כרם ונפתלי בני ה-18 רק רצו לחגוג את סיום התיכון בחופשה במונטנגרו יחד עם חבריהם, אבל ה!תקפו באלימות קשה אחרי שסיפרו שהם ישראלים - והשוטרים מהם ביקשו עזרה התעלמו מהם #גליקותמר @ifatglick1 (תמר אלמוג)",76,489495,26740,563,4014,1117,1201,204,32518,6.64,1,https://www.tiktok.com/@kan_news/video/7663589899827825941,2026-07-24 08:31,1075
7663196300753554709,2026-07-17,08:00,Video,"איציק סעידיאן הצית את עצמו מול אגף השיקום לפני חמש שנים - מאחורי המאבק של איציק, יש משפחה שמתמודדת גם היא עם הכאב @yaelciec",495,55502,2328,30,47,13,125,10,2530,4.56,0,https://www.tiktok.com/@kan_news/video/7663196300753554709,2026-07-23 08:36,673
7663483563924409620,2026-07-17,16:10,Video,שקיעה נוגה גם לכם ולבני ביתכם! #בואולאכולאיתי (עופר חלפון),241,54997,3095,41,319,39,114,7,3569,6.49,0,https://www.tiktok.com/@kan_news/video/7663483563924409620,2026-07-24 08:31,177
7663193557871693077,2026-07-16,21:24,Video,בצפון יש הפסקת אש אבל התיירות לא חזרה (רובי המרשלג),280,18889,388,12,26,8,29,4,455,2.41,0,https://www.tiktok.com/@kan_news/video/7663193557871693077,2026-07-23 08:36,118
7663099847884492053,2026-07-16,15:21,Video,"בני משפחת צורי, שליחי הסוכנות היהודית, שרדו את הפי@וע הרצ@ני באוסטרליה - וחזרו לארץ לגור בעוטף עזה @itsikzuarets",72,13698,379,5,3,0,16,3,403,2.94,0,https://www.tiktok.com/@kan_news/video/7663099847884492053,2026-07-23 08:36,118
7663174849342360853,2026-07-16,20:12,Video,"שלום כובש מכיר לעולם הערבי את היהדות, בסרטונים שהוא מעלה לרשת בשפה הערבית: ""למרות כל השנאה אלינו, יש גם הרבה מאוד סקרנות"" #בשכונהשלנו @elior_levy",121,34969,1123,30,25,2,102,16,1280,3.66,0,https://www.tiktok.com/@kan_news/video/7663174849342360853,2026-07-23 08:36,141
7663070723056880917,2026-07-16,13:28,Video,"דרעי תקף את הרמטכ""ל, שהתנגד לחוק לביטול מעצרי העריקים החרדים: ""הוא איבד את זה, מנסה לעזור לגוש השמאל"" @daniel.grovais 📸: באדיבות כיכר השבת",17,16363,347,134,19,6,18,11,518,3.17,0,https://www.tiktok.com/@kan_news/video/7663070723056880917,2026-07-23 08:36,192
7663196325420207381,2026-07-16,21:35,Video,במונדיאל הקודם הוא עדיין לא נולד: דין בן השלוש הצליח לחזות בדיוק מרשים את התוצאות של חצאי גמר המונדיאל #כאןבשש @kerenuzan1,32,416945,28990,387,1360,200,1132,85,31869,7.64,0,https://www.tiktok.com/@kan_news/video/7663196325420207381,2026-07-23 08:36,1155
7663148618324462868,2026-07-16,18:30,Video,שישה מנדטים חדשים: ארבעה שנתונים - בני 18 עד 22 - יצביעו בבחירות הקרובות בפעם הראשונה (ישראל רוזנר),64,57015,3985,177,94,20,94,8,4350,7.63,0,https://www.tiktok.com/@kan_news/video/7663148618324462868,2026-07-23 08:36,222
7663184224127700245,2026-07-16,20:48,Video,"אם לבן יחיד, שסירבה לחתום על הסכמה לכך שישרת בתפקיד קרבי, גילתה לתדהמתה שהוא עקף את המערכת והתגייס לשריון כ""חייל בודד"" #כאןבשש @kerenuzan1 (כרמלה מנשה)",35,150342,8572,163,248,44,255,18,9238,6.14,0,https://www.tiktok.com/@kan_news/video/7663184224127700245,2026-07-23 08:36,256
7663073442878770453,2026-07-16,13:38,Video,"זן חדש של קוף התגלה באפריקה. ""ליקוולי"" (או בשמו המדעי ""קולומבוס קונגואנסיס"") נחשב ביישן במיוחד 🐒 (יחזקאל קורנברג) 📸: ברנרד בוננגה, קרן לוקורו לחקר בעלי חיים",10,14779,443,26,51,7,22,2,542,3.67,0,https://www.tiktok.com/@kan_news/video/7663073442878770453,2026-07-23 08:36,216
7662846268049263893,2026-07-15,22:57,Video,המילואימניקים כועסים על החוק שעבר בכנסת  @yaelciec,177,47312,3375,196,254,26,148,30,3973,8.4,0,https://www.tiktok.com/@kan_news/video/7662846268049263893,2026-07-22 08:38,223
7662846000423243029,2026-07-15,22:56,Video,המשפחה ששרדה את הפיג!ע בסידני חזרה לארץ - לעוטף עזה @itsikzuarets,466,59210,4023,22,108,22,202,6,4355,7.36,0,https://www.tiktok.com/@kan_news/video/7662846000423243029,2026-07-22 08:38,300
7662678519754837269,2026-07-15,12:06,Video,רד אלינו זהרון: מסע הדיג של טורף העל שהגיע לחופי ישראל @ifatglick1,771,169353,6126,102,342,92,365,20,6935,4.09,0,https://www.tiktok.com/@kan_news/video/7662678519754837269,2026-07-22 08:38,574
7662761791885167892,2026-07-15,17:29,Video,"הוא יפה, ארסי וטורף כמעט כל מה שנקרה בדרכו. כך הפך המצוד אחר הזהרון, ""האויב מס' 1 של הים התיכון"", לסעודה בניצוחו של אייל שני @ifatglick1",55,168225,8418,113,331,58,282,13,9144,5.44,0,https://www.tiktok.com/@kan_news/video/7662761791885167892,2026-07-22 08:38,947
7662684035466005780,2026-07-15,12:27,Video,ג'פניקה הפכה לזירת קרב: הסכסוך של משפחות הפשע הוביל לאש  @hadasgrinberg,243,884990,22750,450,5164,1152,2294,509,30658,3.46,0,https://www.tiktok.com/@kan_news/video/7662684035466005780,2026-07-22 08:38,2039
7662844376657218836,2026-07-15,22:49,Video,התפתחות בפרשת הר@ח בירושלים: אלה שתי חשודות שנעצרו @haimgoldich,201,320395,19158,462,2035,488,1323,182,22978,7.17,0,https://www.tiktok.com/@kan_news/video/7662844376657218836,2026-07-22 08:38,4625
7662695003772194069,2026-07-15,13:10,Video,"92 קמ""ר של כוח צבאי, מטה ההגנה הגדול בעולם ומסר שלא ברור למי הוא מיועד. האם האוקטגון של א-סיסי הוא אזהרה לישראל, או בעיקר מופע כוח? @roikais1987 #בשכונה_שלנו",369,32404,818,23,44,23,75,6,960,2.96,0,https://www.tiktok.com/@kan_news/video/7662695003772194069,2026-07-22 08:38,217
7662825390431325460,2026-07-15,21:36,Video,"לפיד מבטיח: אם ניבחר, החרדים לא יקבלו שקל אחד מהמדינה - וכל הכסף שחולק יוחזר  (טלי מורנו)",37,13291,312,115,15,9,19,12,461,3.47,0,https://www.tiktok.com/@kan_news/video/7662825390431325460,2026-07-22 08:38,119
7662765749789920533,2026-07-15,17:44,Video,"יד האלוהים, מלחמת פוקלנד ונקמה על הדשא: רגע לפני הקרב הגדול הערב, למה ארגנטינה ואנגליה אף פעם לא נפגשות רק למשחק כדורגל? (יואב זהבי)",118,174524,10003,62,579,164,519,59,11163,6.4,0,https://www.tiktok.com/@kan_news/video/7662765749789920533,2026-07-22 08:38,228
7662842007538158869,2026-07-15,22:40,Video,פיצה עם מסאחן ושווארמה בלחם איטלקי: הדור החדש של השפים הערבים מביא למטבח האיטלקי את הטעמים מהבית  (עופר חלפון),362,6634,107,2,9,2,11,0,129,1.94,0,https://www.tiktok.com/@kan_news/video/7662842007538158869,2026-07-22 08:38,68
7662843708001357077,2026-07-15,22:47,Video,"תושבי השרון, ראיתם פעם חייזר? 👽 (אלון שרביט)",816,361149,17369,627,6045,942,2889,241,26930,7.46,0,https://www.tiktok.com/@kan_news/video/7662843708001357077,2026-07-22 08:38,1874
7662107550418078997,2026-07-14,08:00,Video,הסוכן אחמדינג׳אד בשירות המוסד? (גילי כהן) #איראן #סוד #צבא,215,51804,1162,23,158,53,128,33,1471,2.84,0,https://www.tiktok.com/@kan_news/video/7662107550418078997,2026-07-21 10:15,0
7662456545887669524,2026-07-14,21:44,Video,"מסי, אמבפה, קיין או למאל: מי יקחו את הנבחרת שלהם לגמר המונדיאל? @talberman",129,9911,103,5,2,0,4,1,114,1.15,0,https://www.tiktok.com/@kan_news/video/7662456545887669524,2026-07-21 10:21,0
7662261612945870087,2026-07-14,09:08,Video,"סתיו פינתה קורבנות מזירות הטבח ב-7 באוקטובר. המלחמה שלה התחילה אחר כך. כנהגת משאית במילואים בפיקוד העורף, היא נשלחה למשימה שאיש לא הכין אותה אליה, וחזרה הביתה אחרת. 🎧 ""עד הקצה"" עם קרן נויבך, הסכת האקטואליה החדש מבית כאן חדשות, זמין באתר וביישומון כאן ובכל יישומוני ההסכתים",43,11076,237,4,2,1,13,2,256,2.31,0,https://www.tiktok.com/@kan_news/video/7662261612945870087,2026-07-21 10:15,0
7662482327976627477,2026-07-14,23:25,Video,"האמת היא שזה 216 ק״ג, אם תעדיפו שנדקדק (דב גיל-הר)",166,127622,2238,27,485,144,172,79,2922,2.29,0,https://www.tiktok.com/@kan_news/video/7662482327976627477,2026-07-21 10:21,0
7662341823620205844,2026-07-14,14:19,Video,"אימו של בניהו רזי ז""ל, שנר@ח בירושלים, מספרת על התלונות על בת הזוג לשעבר @haimgoldich",33,449811,33179,625,1535,287,1403,119,36742,8.17,0,https://www.tiktok.com/@kan_news/video/7662341823620205844,2026-07-21 10:21,12
7662460381830401301,2026-07-14,21:59,Video,אוהדים שרופים? תיזהרו לא לקחת ללב #מונדיאל #ארגנטינה #כדורגל  (נוב ראובני),65,12027,426,13,55,17,17,4,511,4.25,0,https://www.tiktok.com/@kan_news/video/7662460381830401301,2026-07-21 10:21,0
7661925092376464660,2026-07-13,11:22,Video,"פרטים חדשים על הר3ח המזעזע בנחלאות: בן 19 נר3ח, וחברו הטוב נפצע - ולפי החשד, בנות הזוג של השניים, הזמינו את ההתנקש!ת, אחרי שסבלו מאלימ!ת קשה מצד השניים @haimgoldich",173,371725,17506,276,2161,353,1371,197,21314,5.73,0,https://www.tiktok.com/@kan_news/video/7661925092376464660,2026-07-21 10:15,0
7662106995947818260,2026-07-13,23:08,Video,״הכתובת היתה על הקיר״: הפרטים החדשים שחושפת משפחתו של בניהו רזי ז״ל,246,804170,51866,1306,4100,776,3135,391,60407,7.51,0,https://www.tiktok.com/@kan_news/video/7662106995947818260,2026-07-21 10:15,0
7661779548710735124,2026-07-13,01:57,Video,"""היה חבר גדול של ישראל"": הסנאטור הרפובליקני לינדזי גרהאם הלך לעולמו בגיל 71 (נתן גוטמן)",238,36660,1239,51,12,5,40,9,1342,3.66,0,https://www.tiktok.com/@kan_news/video/7661779548710735124,2026-07-21 10:15,0
7661626019027143956,2026-07-12,16:02,Video,"אחרי שצוות CNN טען שהותקף על ידי פורעים יהודים - תיעוד מתוך האירוע התפרסם ברשתות. לפי הודעת המשטרה, כוחות צה""ל קפצו לנקודה ועיכבו ארבעה חשודים במעורבות באירוע. שוטרי תחנת בנימין עצרו את החשודים, גבו עדויות מאנשי התקשורת ומצאו בחיפוש שנערך ברכב אלות, גז פלפל וסכין צילום: jasper nathaniel / X @haimgoldich",45,2970906,41765,801,6253,400,5246,363,54065,1.82,1,https://www.tiktok.com/@kan_news/video/7661626019027143956,2026-07-21 10:15,0
7661551553823689992,2026-07-12,11:13,Video,"20 שנה אחרי מלחמת לבנון השנייה, תושבי הצפון עדיין חיים בין אזעקות, פינויים ותחושת הפקרה. קרן נויבך ורובי המרשלג @rubihammerschlag חוזרים לגבול, לארכיון של 2006 ולשאלה אם למדינה יש חזון לעתיד הצפון. ""עד הקצה"", הסכת האקטואליה החדש מבית כאן חדשות, זמין באתר וביישומון כאן ובכל יישומוני ההסכתים.",48,20593,605,2,8,3,39,4,654,3.18,0,https://www.tiktok.com/@kan_news/video/7661551553823689992,2026-07-21 10:15,0
7661682330708282645,2026-07-12,19:40,Video,"""חוויה בלתי נשכחת, גיליתי אותם מחדש"": גלית, המתמודדת עם שיתוק מוחין, הצטרפה לטיול אחרי צבא של ארבעת בניה #כאןבשלוש (יונתן אוחיון)",65,664613,66242,1342,3848,408,1588,155,73020,10.99,0,https://www.tiktok.com/@kan_news/video/7661682330708282645,2026-07-21 10:15,0
7661195784351665429,2026-07-11,12:12,Video,"הקרב על השבת בירושלים 👇 שבוע לאחר העימותים שעוררו סערה, עשרות חרדים הגיעו גם השבת להפגין מול קפה ״בסמטה״ בירושלים. המשטרה חסמה את דרכי הגישה לבית הקפה בניסיון למנוע חיכוך בין הצדדים, אך מספר מפגינים הצליחו להסתנן אל קרבת בית הקפה  במקום התפתח עימות מילולי: המפגינים קראו ״שעבאס״, בעוד מאות חילונים שהגיעו לתמוך בבית בית הקפה השיבו בקריאות ״תתגייסו״ ו-״הביתה״. כוחות המשטרה חצצו בין הצדדים ופעלו לשמירה על הסדר (שלו סגל)",49,363130,15117,239,1590,274,671,190,17617,4.85,0,https://www.tiktok.com/@kan_news/video/7661195784351665429,2026-07-21 10:15,0
7661375417160387861,2026-07-11,23:49,Video,"גוש נתניהו מתערער? המנהיג הרוחני של ש""ס, הרב יצחק יוסף, עקץ את נתניהו וקבע: ""אין שום סיכוי שהוא יחזור בתשובה"". מנגד, על איזנקוט הוא אומר שדווקא יש סיכוי. האם זה רמז ראשון לכך שש""ס לא פוסלת ישיבה בממשלה בראשותו? @daniel.grovais",17,20304,456,14,50,27,33,26,553,2.72,0,https://www.tiktok.com/@kan_news/video/7661375417160387861,2026-07-21 10:15,0
7661263352051764500,2026-07-11,16:34,Video,עושה הסבה מקצועית? הזמר אליאב זוהר מספר על הסיבה שפתח פיצרייה 🍕 #גליקותמר (תמר אלמוג) @ifatglick1,83,92490,2608,40,327,74,119,21,3094,3.35,0,https://www.tiktok.com/@kan_news/video/7661263352051764500,2026-07-21 10:15,0
7661364832884575508,2026-07-11,23:08,Video,"משפחות הפשע אימצו אותו מהר מאוד למשימות חיס!ל, מעשי שוד ושאר משימות שמצריכות הגעה חשאית ומילוט מהיר - תכירו את סו-רון, המחליף של הטימקס היפני (דניאל אלעזר)",581,798127,34305,155,10736,1570,4366,645,49562,6.21,0,https://www.tiktok.com/@kan_news/video/7661364832884575508,2026-07-21 10:15,0
7660808005058907410,2026-07-10,11:07,Video,"במצרים הפסיקו לייצר צ'יפס עם תמונתו של מסי על האריזה, אחרי הזעם הציבורי בעקבות ההפסד לארגנטינה במונדיאל @roikais1987",17,27510,488,29,69,9,23,14,609,2.21,0,https://www.tiktok.com/@kan_news/video/7660808005058907410,2026-07-21 10:15,0
7660862103384902930,2026-07-10,14:37,Video,"שנה בדיוק אחרי שאיבד את שתי רגליו בעזה, הלוחם אלקנה לוי חגג במסיבת הודיה לצד הזמר רביד פלוטניק. חבריו למחלקה הצטרפו לביצוע המרגש ❤️ @haimgoldich 📸: באדיבות איגוד החוות",31,127262,9731,51,188,33,172,27,10142,7.97,0,https://www.tiktok.com/@kan_news/video/7660862103384902930,2026-07-21 10:15,0
7660975241212071188,2026-07-10,21:56,Video,"מיכה כץ, מפורום ""יהלומי קרב"", שזעק בכנסת על חקיקת ""חוק יסוד לימוד תורה"": ""איך אין חוק ללוחמים הגיבורים שאתם מדברים עליהם כל היום?"" (תמר אלמוג, @ifatglick1)",21,25957,1756,27,47,6,52,17,1882,7.25,0,https://www.tiktok.com/@kan_news/video/7660975241212071188,2026-07-21 10:15,0
7660686108094745876,2026-07-10,03:14,Video,"רגע לפני עונת העשור של ""בואו לאכול איתי"": מי הבשלנים שלא תשכחו לעולם? (עופר חלפון)",540,68206,3574,25,240,33,216,10,4055,5.95,0,https://www.tiktok.com/@kan_news/video/7660686108094745876,2026-07-21 10:15,0
7660918875109756167,2026-07-10,18:17,Video,"האדמה בוונצואלה רעדה, אבל האסון התחיל הרבה קודם. כך שחיתות והעלמת עין מחריגות בנייה הופכות רעידה לאסון המוני (מיכל רשף) #סיפור_עולמי",488,63197,2625,36,109,45,189,21,2959,4.68,0,https://www.tiktok.com/@kan_news/video/7660918875109756167,2026-07-21 10:15,0
7660807356955135239,2026-07-10,11:05,Video,"""חמ@ס, חמ@ס, יהודים לגז"": אוהדי נבחרת מרוקו בהולנד בקריאות אנטי$מיות והומו#וביות, אחרי ההפסד אמש לצרפת במונדיאל (עומר שחר, איתמר מרגלית)",20,218978,5711,228,934,160,265,80,7138,3.26,0,https://www.tiktok.com/@kan_news/video/7660807356955135239,2026-07-21 10:15,0
7660985509048519957,2026-07-10,22:36,Video,אנחנו אחרי שראינו את הכתבה 🤝 שקמבה (עופר חלפון),813,51415,523,24,351,190,72,39,970,1.89,0,https://www.tiktok.com/@kan_news/video/7660985509048519957,2026-07-21 10:15,0
7660574467059404050,2026-07-09,20:01,Video,מה עושים כשרואים התקף פוסט טרא1מטי?,52,331137,20179,75,218,35,794,34,21266,6.42,0,https://www.tiktok.com/@kan_news/video/7660574467059404050,2026-07-21 10:15,0
7660446669414354196,2026-07-09,11:45,Video,האויבים והאויבת החדשים של ישראל @riad.alee,623,133726,2164,11,137,70,264,46,2576,1.93,0,https://www.tiktok.com/@kan_news/video/7660446669414354196,2026-07-21 10:15,0
7660448006466030869,2026-07-09,14:10,Video,יוצרי התוכן שלא מפחדים להביע דעה פוליטית ברשתות @annapines_,425,127850,10981,131,159,13,422,11,11693,9.15,0,https://www.tiktok.com/@kan_news/video/7660448006466030869,2026-07-21 10:15,0
7660038590964993301,2026-07-08,09:22,Video,תיעוד ממפרץ אילת: מדוזה קובייתית נדירה אותרה במימי ים סוף - אבל המומחים אומרים שהיא לא מסוכנת (מיכל וסרמן) 📸: רשות הטבע והגנים,7,122208,3195,83,920,215,269,53,4467,3.66,0,https://www.tiktok.com/@kan_news/video/7660038590964993301,2026-07-21 10:15,0
7660063685624286485,2026-07-08,10:59,Video,מה שקרה כשנשיא צרפת מקרון הגיע לביקור בארמון של נשיא טורקיה ארדואן ורצה להגיד שלום אשתו (איתמר מרגלית),7,24467,164,6,19,3,6,5,195,0.8,0,https://www.tiktok.com/@kan_news/video/7660063685624286485,2026-07-21 10:15,0
7660136475354221844,2026-07-08,15:41,Video,"זריקות ההרזיה משנות חיים, אבל גם מציתות ויכוח על תרבות הרזון, נגישות לטיפול והשוק השחור שמסביבן. מה קורה כשהמאבק במשקל כבר לא מתחיל רק בצלחת, אלא במוח? 🎧 ""עד הקצה"" עם קרן נויבך | כל יום | כאן הסכתים ובכל אפליקציות הפודקאסטים",45,35318,1372,22,35,4,90,5,1519,4.3,0,https://www.tiktok.com/@kan_news/video/7660136475354221844,2026-07-21 10:15,0
7660121500808138005,2026-07-08,14:43,Video,"עם יד על הלב: חמאס ניצח או הפסיד את המלחמה? אלף ימים אחרי, המציאות בעזה מורכבת בהרבה ממה שנדמה @elior_levy #שובר_חומות",368,30782,898,10,39,13,84,11,1031,3.35,0,https://www.tiktok.com/@kan_news/video/7660121500808138005,2026-07-21 10:15,0
7659880615440813333,2026-07-07,23:09,Video,"הקיץ התחיל, בינתיים, טפו טפו, בלי ביטולי טיסות או שמיים סגורים, והישראלים שחששו לתכנן - מחפשים את הדילים הכי משתלמים @Ofir.halperin",448,91740,3459,14,485,92,448,23,4406,4.8,0,https://www.tiktok.com/@kan_news/video/7659880615440813333,2026-07-21 10:15,0
7659753218448067860,2026-07-07,14:54,Video,"טראמפ הגיע לטורקיה לפסגה מדינית עם ארדואן על רקע המתיחות באזור. במהלך קבלת הפנים, ארדואן הוביל את טראמפ באופן אישי כשהוא מחזיק לו את הזרוע - הנשיא האמריקני נראה, בלשון המעטה, קצת פחות נלהב מהסיטואציה (איתמר מרגלית)",12,61803,1227,92,141,38,63,69,1523,2.46,0,https://www.tiktok.com/@kan_news/video/7659753218448067860,2026-07-21 10:15,0
7659729074994154772,2026-07-07,13:20,Video,"הלוחם והלום הקרב יוסי סהרדי זעק מדם ליבו ופנה לח""כים בדיון על חוק יסוד לימוד התורה: ""הפרצופים של החברים שמתפוצצים לנו בידיים באים אלינו בלילה. לפני שאתם מדברים על חרדים - קחו אחריות על מי שנלחם!"" (דקלה אהרון שפרן)",86,76590,7909,90,317,66,346,56,8662,11.31,0,https://www.tiktok.com/@kan_news/video/7659729074994154772,2026-07-21 10:15,0
7659796225171967252,2026-07-07,17:41,Video,האיש שהשקיע מיליונים בבריאות גילה שהוא חולה במחלה אוטואימונית נדירה @doritassarafmizra,220,236156,10776,62,616,145,739,73,12193,5.16,0,https://www.tiktok.com/@kan_news/video/7659796225171967252,2026-07-21 10:15,0
7659517354216279316,2026-07-06,23:39,Video,היזמים הישראליים שעובדים כדי לקחת אותנו לכוכבים @ittaishickman2,464,16780,478,1,19,7,52,3,550,3.28,0,https://www.tiktok.com/@kan_news/video/7659517354216279316,2026-07-21 10:15,0
7659348436982336788,2026-07-06,12:43,Video,פועלים השתמשו בדירות נרצחים בכפר עזה כשירותים @yaelciec,46,115429,5332,56,163,33,186,31,5737,4.97,0,https://www.tiktok.com/@kan_news/video/7659348436982336788,2026-07-21 10:15,0
7659442668669324565,2026-07-06,18:49,Video,"טראמפ גילה שכרטיס אדום זה לא רק ""עבירה"" - ופנה לפיפ""א כדי לבטל את ההרחקה של כוכב נבחרת ארה""ב פולארין באלוגון. ""זה לא הוגן להעניש שחקן על משחק שעוד לא שוחק"", אמר הנשיא - וזה עבד. מסתבר שגם בפיפ""א יש דברים שטראמפ מצליח לסדר בשיחת טלפון אחת (איתמר מרגלית) צילום: רויטרס",40,84534,2899,28,528,159,143,60,3598,4.26,0,https://www.tiktok.com/@kan_news/video/7659442668669324565,2026-07-21 10:15,0
7659293251794521365,2026-07-06,09:09,Video,איך הצליח הישראלי אסי משה להפוך את הקלפים למכונת מזומנים – וכמה שווה הזכייה בווגאס? @yoavborowitz,156,524911,26696,144,4661,1274,1240,265,32741,6.24,0,https://www.tiktok.com/@kan_news/video/7659293251794521365,2026-07-21 10:15,0
7659467982896237845,2026-07-06,20:27,Video,רחפנים זולים שהופכים כל תנועה בחזית למטרה. מאוקראינה ועד לבנון: כך רחפני הסיב האופטי משנים את כללי המלחמה #רקשתדעו  @talfraz,141,16136,518,4,25,11,34,11,581,3.6,0,https://www.tiktok.com/@kan_news/video/7659467982896237845,2026-07-21 10:15,0
7659517134921305365,2026-07-06,23:38,Video,״ערבית? לא בחנות שלנו״ (ערן זינגר),186,235837,8998,574,747,175,572,157,10891,4.62,0,https://www.tiktok.com/@kan_news/video/7659517134921305365,2026-07-21 10:15,0
7659141419520560405,2026-07-06,08:00,Video,היישר מתאילנד: תכירו את המרענן של הקיץ (נוב ראובני),194,37190,878,7,158,38,74,8,1117,3,0,https://www.tiktok.com/@kan_news/video/7659141419520560405,2026-07-21 10:15,0
7659393087638113556,2026-07-06,15:37,Video,"״סכנה לעצמו, לחיי כלבו ולשאר״: תושב שכונת ארמון הנציב, בשנות ה-20 לחייו, תיעד את עצמו כשהוא מרכיב את כלבו על גבי אופנוע באופן העלול לסכן את את שלומם של הרוכב ושל הכלב. לאחר שהסרטון הופץ ברשתות החברתיות, אותר החשוד וזומן לחקירה במשטרה בחשד לנהיגה בקלות ראש. @haimgoldich שימוש לפי סעיף 27א׳ לחוק זכויות יוצרים",26,123712,5186,60,747,63,247,32,6240,5.04,0,https://www.tiktok.com/@kan_news/video/7659393087638113556,2026-07-21 10:15,0
7658777389614337297,2026-07-05,07:30,Video,"ארבעה חודשים אחרי החיס!ל שזעזע את המזרח התיכון, האיראנים סוף סוף קיימו את הלווייתו של חמינאי - אבל מה שגנב את ההצגה היה בכלל היעדרותו של בנו ומחליפו, מוג'תבא",139,77134,1430,49,51,17,101,19,1631,2.11,0,https://www.tiktok.com/@kan_news/video/7658777389614337297,2026-07-21 10:15,0
7659141038010846485,2026-07-05,23:19,Video,צרות של עשירים או שהגזמנו? @ofir.halperin,443,295148,11110,42,964,229,568,61,12684,4.3,0,https://www.tiktok.com/@kan_news/video/7659141038010846485,2026-07-21 10:15,0
7659031128245832980,2026-07-05,16:12,Video,"״עם כל הכבוד לערך התורה, התיקון שהכי צריך לעשות פה זה לתת ערך עליון למי שיצא לקרב״: איציק סעידיאן בדיון בכנסת על חוק יסוד לימוד תורה שעבר בקריאה ראשונה בשבוע שעבר @dikla.aharon 📸: ערוץ הכנסת",66,13966,813,35,39,14,31,12,918,6.57,0,https://www.tiktok.com/@kan_news/video/7659031128245832980,2026-07-21 10:15,0
7659120412902558996,2026-07-05,21:59,Video,"אחרי שנחטפו יחד לעזה, שורדי השבי סשה טרופנוב וספיר כהן סוף סוף עמדו מתחת לחופה כפי שתכננו, ונישאו זה לזו ❤️ @yaelciec",48,22081,1958,18,33,3,49,7,2058,9.32,0,https://www.tiktok.com/@kan_news/video/7659120412902558996,2026-07-21 10:15,0
7659076211192122644,2026-07-05,19:07,Video,"יש לנו חברים נוספים, שמעת על הודו?״: נתניהו מגיב בריאיון לרשת פוקס ניוז האמריקנית לשמועות על הקרע ביחסיו עם טראמפ, וגם לביקורת שמתח סגן הנשיא ואנס בהצהרה שלו לתקשורת בחודש שעבר.  ״טראמפ ואני מסכימים על 99% מהנושאים״, אמר נתניהו, והוסיף כי ״יש גם מחלוקות, כמו בכל חברות״. בתגובה לדבריו של ואנס שצוטטו בריאיון, נתניהו השיב: ״מערכת היחסים ביני ובין ואנס מוצלחת מאוד, אבל אנחנו לא חייבים להסכים. טראמפ הוא החבר הטוב ביותר שלנו, אבל יש לנו גם עוד חברים בעולם, כמו המדינה הקטנה, הודו״ @ishay_bar_yosef 📸: מ",30,45756,1759,70,52,15,96,11,1977,4.32,0,https://www.tiktok.com/@kan_news/video/7659076211192122644,2026-07-21 10:15,0
7658948365081644306,2026-07-05,10:51,Video,חכו לזה: ברקים וזיקוקים מעל וושינגטון בחגיגות העצמאות ה-250 לארצות הברית  @ramelibrandts 📸: רויטרס,25,5167,110,2,1,0,5,3,118,2.28,0,https://www.tiktok.com/@kan_news/video/7658948365081644306,2026-07-21 10:15,0
7658692424251804945,2026-07-04,18:18,Video,"אלון אהל הופיע בניו יורק במסגרת חגיגות ה-250 לעצמאות ארה""ב. אהל הוזמן על ידי הצי האמריקאי והופיע על סיפון נושאת המטוסים ""USS Nimitz"" לצד האמן ג'ון אונדרסיק. השניים ביצעו את השיר ""Superman"" באירוע שנערך בנוכחות בכירי ממשל וצבא אמריקאים, בהם מפקד הצי ושגרירת ארה""ב באו""ם. (אופיר הלפרין)",20,23847,1045,19,16,5,21,4,1101,4.62,0,https://www.tiktok.com/@kan_news/video/7658692424251804945,2026-07-21 10:15,0
7658569792965643541,2026-07-04,10:22,Video,"מה חושבים האמריקנים על מצבה של ""ארץ האפשרויות הבלתי מוגבלות""? (יואב זהבי)",671,17049,435,3,16,4,25,3,479,2.81,0,https://www.tiktok.com/@kan_news/video/7658569792965643541,2026-07-21 10:15,0
7658730646025669904,2026-07-04,20:46,Video,"""הם יתלשו - ואנחנו נדביק"": הכירו את הפעילים של ""חוזרות לתמונה"", שהחליטו לצאת למאבק נגד התופעה של השחתת תמונות נשים בירושלים בימוי וצילום: שלו סגל עריכת וידאו: ניצן גרינוולד נתן",314,655510,40811,276,1195,121,1971,139,44253,6.75,1,https://www.tiktok.com/@kan_news/video/7658730646025669904,2026-07-21 10:15,0
7658612127053139221,2026-07-04,13:06,Video,"מוג'תבא, אם תהיתם, עדיין לא נראה באזור (עומר שחר, @anastasia.stu7)",21,86458,1744,266,87,21,114,25,2211,2.56,0,https://www.tiktok.com/@kan_news/video/7658612127053139221,2026-07-21 10:15,0
7658040133119216917,2026-07-03,00:06,Video,אחרי 13 שנים של המתנה: כל מה שצריך לדעת על GTA 6 - וכמה הוא יעלה בישראל? @ittaishickman2,253,177163,9630,184,969,171,868,72,11651,6.58,0,https://www.tiktok.com/@kan_news/video/7658040133119216917,2026-07-21 10:15,0
7658225262902906113,2026-07-03,12:05,Video,"דרמה מטורפת בבגדד: כוחות מיוחדים פשטו על בתי פוליטיקאים ובכירים, ובאחד מהם נמצאו מיליוני דולרים שהוחבאו מתחת לבלטות. כך נחשפה אחת מפרשות השחיתות הגדולות בתולדות עיראק @roikais1987 @elior_levy #בשכונה_שלנו",321,67551,1234,18,129,54,109,24,1490,2.21,0,https://www.tiktok.com/@kan_news/video/7658225262902906113,2026-07-21 10:15,0
7658040126207053076,2026-07-03,00:06,Video,אל תנסו את זה בבית. או בשום מקום אחר. (מיכל רשף),202,311893,14708,122,1180,175,966,114,16976,5.44,0,https://www.tiktok.com/@kan_news/video/7658040126207053076,2026-07-21 10:15,0
7657950753939655957,2026-07-02,18:20,Video,"שרד שמונה ימים מתחת להריסות בוונצואלה - וחולץ בחיים 🤯 כוחות החילוץ בוונצואלה הצילו היום את הרנאן אלברטו גיל פלורס, מאבטח בן 43 ואב לשני ילדים, שהיה לכוד במשך שמונה ימים במרתף של מרכז קניות שהתמוטט בעקבות שתי רעידות האדמה שפקדו את המדינה לפני יותר משבוע. המאבטח נמצא בביתן האבטחה שלו, שהחזיק מעמד והגן עליו מהרעידות ההרסניות. צוותי החילוץ הבין-לאומיים עבדו מסביב לשעון בתנאי סיכון גבוהים, גשמים עזים ורעידות משנה. הם הצליחו ליצור קשר עם המאבטח בסוף השבוע והעבירו לו מים ומזון נוזלי. ""כשמצאנו אותו הוא ",6,139670,2929,13,19,3,63,8,3024,2.17,0,https://www.tiktok.com/@kan_news/video/7657950753939655957,2026-07-21 10:15,0
7657836858021367060,2026-07-02,10:58,Video,ראש הממשלה הבא? (אלון שרביט),682,42100,1499,280,46,19,63,11,1888,4.48,0,https://www.tiktok.com/@kan_news/video/7657836858021367060,2026-07-21 10:15,0
7657906269600156949,2026-07-02,15:27,Video,"""אמא ואבא לא בחיים"" 💔 שיר מתיאס ששרדה את טבח ה 7.10 ושכלה את שני הוריה.  מפרסמת לראשונה את ההקלטה שבה אחיה הקטן מבשר על מ!ת הוריהם: ""במשך 1000 ימים המשפחה העדיפה להשאיר את ההקלטה הזאת לעצמם... החלטנו לפרסם אותה, כדי לדרוש אמת, צדק. ותיקון חייב להתחיל מלקיחת אחריות - כל מי שהיה עם יד על ההגה חייב ללכת הביתה"", שיתפה שיר ברשת החברתית X. @yaelciec",17,82637,3923,60,31,9,261,19,4275,5.17,0,https://www.tiktok.com/@kan_news/video/7657906269600156949,2026-07-21 10:15,0
7657660613606329620,2026-07-02,08:00,Video,הקייאקים חזרו לשוט בכפר בלום,159,12117,272,3,9,4,15,4,299,2.47,0,https://www.tiktok.com/@kan_news/video/7657660613606329620,2026-07-21 10:15,0
7657978109722905877,2026-07-02,20:06,Video,בניגוד לכל ההערכות: איך קרה שאיראן יצאה מחוזקת מהמלחמה וממשיכה להכתיב את הקצב? #בשכונהשלנו  @roikais1987,444,24464,634,5,33,24,52,15,724,2.96,0,https://www.tiktok.com/@kan_news/video/7657978109722905877,2026-07-21 10:15,0
7657841517595331861,2026-07-02,11:16,Video,גבי קמין בן ה-81 נדרס למוות: מה גרם לנהג המשאית לדרוס עובד בתחנת הדלק? @ifatglick1,550,131473,4283,69,251,69,259,35,4862,3.7,0,https://www.tiktok.com/@kan_news/video/7657841517595331861,2026-07-21 10:15,0
7657848778703113492,2026-07-02,11:44,Video,ויכוח על זכות קדימה בכביש הסתיים באישום בדקירה - אישום שהפרקליטות נאלצה למחוק (שלי טפיירו),271,191743,4883,20,194,36,340,33,5437,2.84,0,https://www.tiktok.com/@kan_news/video/7657848778703113492,2026-07-21 10:15,0
7657639275902651668,2026-07-01,22:11,Video,"""מה התפקיד של נשים בחיים האלה אם לא לנקות בשביל בנים?"": ח""כ מירב מיכאלי הגיבה לפרסום של כאן חדשות על כך שלוחמות הורחקו ממבנה בזמן ביקור נתניהו בלבנון - ""כדי לא לפגוע בכבוד החרדים""  (רועי שרון) 🎥: באדיבות ערוץ הכנסת, 📸: חיים צח, לע""מ",51,68533,3595,131,192,33,182,29,4100,5.98,0,https://www.tiktok.com/@kan_news/video/7657639275902651668,2026-07-21 10:15,0
7657515345942433045,2026-07-01,14:10,Video,"שירה סעדון הגיעה לתוכנית ""אתה חייב לקרוא את זה"" בכאן 11 - פרופ' אבי חפץ צפה בתוכנית עם הבת שלו וזיהה אצל שירה גוש בבלוטת התריס @yaelciec",32,60136,1700,24,95,33,58,8,1877,3.12,0,https://www.tiktok.com/@kan_news/video/7657515345942433045,2026-07-21 10:15,0
7657457990596889876,2026-07-01,10:28,Video,חולמים על חופשת הכל כלול? אז קרוז (עופר חלפון),206,246770,7942,121,2081,688,1070,126,11214,4.54,0,https://www.tiktok.com/@kan_news/video/7657457990596889876,2026-07-21 10:15,0
7657612147446336789,2026-07-01,20:26,Video,"שני אלמונים טיפסו לקצה בניין האמפייר סטייט בניו יורק והניפו שלט שעליו נכתב: ""כשכוח האהבה מנצח את אהבת הכוח - יהיה שלום בעולם"". כעבור דקות ארוכות בשחקים, האלמוני כרע ברך והציע נישואים לאלמונית ❤️ (איתמר מרגלית, ישי בר-יוסף)",48,21555,444,11,12,4,8,6,475,2.2,0,https://www.tiktok.com/@kan_news/video/7657612147446336789,2026-07-21 10:15,0
7657588869390486805,2026-07-01,18:55,Video,"שרן השכל, סגנית שר החוץ, מתנגדת לחוק יסוד לימוד התורה. מדוע היא לא מתפטרת מהקואליציה?  🎙️ מתוך בנימיני ומועלם בכאן חדשות ברשת ב'",36,12330,292,12,7,4,10,3,321,2.6,0,https://www.tiktok.com/@kan_news/video/7657588869390486805,2026-07-21 10:15,0
7657589056804572436,2026-07-01,18:56,Video,"הקואליציה הצביעה נגד הצעת חוק של ח""כ מירב כהן להגדלת קצבאות הזקנה: ""הציבור יבוא איתכם חשבון""  (יעל צ'כנובר) 📸: באדיבות ערוץ הכנסת",40,11938,592,38,36,15,17,16,683,5.72,0,https://www.tiktok.com/@kan_news/video/7657589056804572436,2026-07-21 10:15,0
7657291817418853652,2026-07-01,08:00,Video,"הופיעה בכאן 11 - ואובחנה עם גידול | שירה הגיעה לתוכנית ""אתה חייב לקרוא את זה"" שלנו בכאן - וקיבלה טלפון ששינה את חייה: רופא זיהה דרך המסך ממצא חשוד בצוואר שלה (יעל צ'כנובר)",190,309624,19750,177,1470,359,751,92,22148,7.15,0,https://www.tiktok.com/@kan_news/video/7657291817418853652,2026-07-21 10:15,0
7657660356042493205,2026-07-01,23:33,Video,בטח קינאו באוסטרליה,175,63814,3052,35,172,20,128,16,3387,5.31,0,https://www.tiktok.com/@kan_news/video/7657660356042493205,2026-07-21 10:15,0
7657169104050113812,2026-06-30,15:46,Video,"""ח*סלתם את הבן אדם שעשה לי הכי הרבה רע"": צפו ברגע שבו שורד השבי רום ברסלבסקי התבשר שמחבל הג'יהאד שהחזיק והתעלל בו בשבי - חוסל  @itayblumental1 📸: האינסטגרם של רום ברסלבסקי",52,276867,25192,131,650,77,922,73,26895,9.71,0,https://www.tiktok.com/@kan_news/video/7657169104050113812,2026-07-21 10:15,0
7656722505670970631,2026-06-29,10:54,Video,"""בניינים של 12 קומות פשוט נשכבו על הרצפה"": משלחת החילוץ הישראלית, המונה 16 מחלצים ואנשי מקצוע של חברת מגן, עמותת Ready for Rescue וארגון SmartAID, הגיעה להציל חיים באזור האסון בוונצואלה (יחזקאל קורנברג) 📷: מאיה ברק",32,66861,3085,46,98,38,92,31,3321,4.97,0,https://www.tiktok.com/@kan_news/video/7656722505670970631,2026-07-21 10:15,0
7656918230090517777,2026-06-29,23:33,Video,המוצר הכי מבוקש באירופה הוא מזגן - אבל עדיין יש כאלה שמתנגדים (דב גיל-הר),246,153936,5035,52,426,126,241,44,5754,3.74,0,https://www.tiktok.com/@kan_news/video/7656918230090517777,2026-07-21 10:15,0
7656869702345477397,2026-06-29,20:25,Video,"״כדורגל זה מחלה, זה בדם״: בגיל 96 אווה שוורץ עדיין צופה בכל משחק של נבחרת ברזיל. וכן, אתם יכולים להיות בטוחים שהיא צופה גם עכשיו @elior_levy  #מונדיאל #ברזיל #ניימאר",38,205854,12381,50,521,77,387,27,13339,6.48,0,https://www.tiktok.com/@kan_news/video/7656869702345477397,2026-07-21 10:15,0
7656772049997761812,2026-06-29,14:06,Video,"""אבל להתחיל עם נעמה לזימי"" ח""כ יצחק פינדרוס, שקרא ליר!ת ברגלי חוסמי כבישים, נשאל בוועדת החינוך אם האמירה תקפה גם ליו""ר מפלגתו יצחק גולדקנופף, שהשתתף בחסימת כביש. תשובתו: ""אבל להתחיל עם נעמה לזימי"" לזימי התפרצה בתגובה: ""חבר כנסת אמר שצריך ליר!ת לי ברגליים ואתם לא עוצרים את הדיון? התרת הד0 וההסתה פה נמאסה. אתם ירדתם מהפסים. אני בן אדם כאן ומותר לי להיאבק"" (דקלה אהרון שפרן) צילום: ערוץ כנסת",52,18112,467,43,27,9,27,12,564,3.11,0,https://www.tiktok.com/@kan_news/video/7656772049997761812,2026-07-21 10:15,0
7656853321440955665,2026-06-29,19:23,Video,"""החיוך שלו מושתל בתוכה"": הכבד של סרן שחר גמלא שנפל בבופור הושתל בבל בת ה-7 - והציל את חייה (אמיר גרא)",37,203401,24471,340,349,53,567,37,25727,12.65,0,https://www.tiktok.com/@kan_news/video/7656853321440955665,2026-07-21 10:15,0
7656319816273546517,2026-06-28,08:51,Video,"עיר האורות ו... הברקים? במהלך סופה שהכתה הלילה בפריז, תועד ברק פוגע במגדל אייפל. למרבה המזל, המגדל היה סגור מראש למבקרים בעקבות גל החום. (דב גיל-הר)",3,1346,21,1,3,3,5,1,30,2.23,0,https://www.tiktok.com/@kan_news/video/7656319816273546517,2026-07-21 10:15,0
7656454394870795540,2026-06-28,17:33,Video,"תיעוד מצמרר: סרן דוד חזות ז""ל, שנפל בדרום לבנון, עם חבריו הלוחמים בקורס הקצינים - ""נחזור הביתה בשלום""  @itayblumental1",54,173440,24171,139,430,46,694,38,25434,14.66,0,https://www.tiktok.com/@kan_news/video/7656454394870795540,2026-07-21 10:15,0
7656428242152246548,2026-06-28,15:52,Video,"בפראדה הכריזו על שגריר חדש: הראפר הפלסטיני סנט לבנט, שנולד בירושלים כמרוואן עבד אלחמיד, וגדל גם בעזה ובירדן. לבנט הצטלם לעמוד הרשמי של מותג העל כשהוא עונד שרשרת בצורת מפה של כל שטח ארץ ישראל - כסמל למפת ""פלסטין"" 📸: מתוך עמוד האינסטגרם של Prada",10,151113,1997,45,362,41,120,14,2524,1.67,0,https://www.tiktok.com/@kan_news/video/7656428242152246548,2026-07-21 10:15,0
7656447609501994260,2026-06-28,17:07,Video,"השר בצלאל סמוטריץ': ""בזכותי כל החטופים כאן""  📸: מתוך הפודקאסט של נדב פרי ב-All in",16,45647,1012,81,183,32,50,18,1326,2.9,0,https://www.tiktok.com/@kan_news/video/7656447609501994260,2026-07-21 10:15,0
7656542470116789520,2026-06-28,23:16,Video,כבר יצא לכם לטעום? (עופר חלפון),246,125319,4061,38,286,83,209,27,4594,3.67,0,https://www.tiktok.com/@kan_news/video/7656542470116789520,2026-07-21 10:15,0
7656486081055018261,2026-06-28,19:36,Video,"רון, בת הזוג של סרן דוד חזות ז""ל, נפרדה ממנו בדמעות: ""הלוואי שהיית באמת בעלי והאבא של הילדים שלי""  (אסף פוזיילוב)",9,83677,8990,524,116,21,204,15,9834,11.75,0,https://www.tiktok.com/@kan_news/video/7656486081055018261,2026-07-21 10:15,0
7656413354386296085,2026-06-28,14:54,Video,"סן פרנסיסקו: סקוט וינר, סנאטור יהודי מקליפורניה שקידם חקיקה למען טרנסג'נדרים, גורש בצעקות ובקללות ממצעד למען טרנסים כי ""תמך ברצח העם בעזה""  (יחזקאל קורנברג)",42,176382,9728,248,380,49,381,50,10737,6.09,0,https://www.tiktok.com/@kan_news/video/7656413354386296085,2026-07-21 10:15,0
7656335064640408852,2026-06-28,09:50,Video,וזה ממשיך 🥵 (דב גיל-הר),202,169545,7189,81,655,120,217,31,8142,4.8,0,https://www.tiktok.com/@kan_news/video/7656335064640408852,2026-07-21 10:15,0
7656542371206778129,2026-06-28,23:16,Video,מזג האוויר באירופה ממשיך להשתגע (דב גיל הר),218,101743,3013,25,261,85,186,24,3485,3.43,0,https://www.tiktok.com/@kan_news/video/7656542371206778129,2026-07-21 10:15,0
7656475154842750228,2026-06-28,18:54,Video,"גלית, אימו של סרן דוד חזות ז""ל, ספדה לו: ""אבא יקבל אותך בזרועות פתוחות""  (אסף פוזיילוב)",15,51498,5091,395,38,13,98,15,5622,10.92,0,https://www.tiktok.com/@kan_news/video/7656475154842750228,2026-07-21 10:15,0
7656449211315146005,2026-06-28,19:00,Video,מסתכלים לשסע בעיניים: ביום שישי האחרון קבוצה של מפגינים חילונים ודתיים יצאו לחסימת נגד בתגובה לחסימות החרדים. אלה הקולות ממפגש השבטים של החברה הישראלית בקו הגבול שבין גבעת שמואל לבני ברק #הרגעשלהשבוע (שלו סגל),72,154688,8193,46,297,56,287,72,8823,5.7,0,https://www.tiktok.com/@kan_news/video/7656449211315146005,2026-07-21 10:15,0
7656002963369889040,2026-06-27,12:21,Video,"""הייתי עושה פעם בשבוע מיטת שיזוף"": ירדן ויזל שיתפה במחיר הבריאותי ששילמה בעקבות החשיפה לשמש @maylaurencelola",41,718213,37230,117,7813,1799,1539,247,46699,6.5,0,https://www.tiktok.com/@kan_news/video/7656002963369889040,2026-07-21 10:15,0
7656176401384508679,2026-06-27,23:34,Video,ישראל ולבנון חתמו על הסכם היסטורי - האם התגובות של איראן וח*זבאללה מעידות על לחץ? @roikais1987,187,48093,845,6,23,13,52,15,926,1.93,0,https://www.tiktok.com/@kan_news/video/7656176401384508679,2026-07-21 10:15,0
7655775586731707649,2026-06-26,21:39,Video,"רה""מ נתניהו מתייחס לראשונה להסכם עם לבנון: ""זו מכה גדולה לאיראן""  (גילי כהן) 📷: דוברות ראש הממשלה (⁠צולם לפני כניסת השבת)",71,202976,8618,333,362,135,288,80,9601,4.73,0,https://www.tiktok.com/@kan_news/video/7655775586731707649,2026-07-21 10:15,0
7655417848768056596,2026-06-26,11:00,Video,מדונה לא מפנה את הבמה @amitharari,607,11575,227,12,9,3,23,0,271,2.34,0,https://www.tiktok.com/@kan_news/video/7655417848768056596,2026-07-21 10:15,0
7655422935049686293,2026-06-26,13:00,Video,"אתרי דופמין: לגלוש באתרי קניות, למלא עגלות, להזמין אוכל ולעקוב אחרי משלוחים, אבל בסוף לא לשלם ולא לקבל שום דבר",238,41091,1131,22,120,24,131,15,1404,3.42,0,https://www.tiktok.com/@kan_news/video/7655422935049686293,2026-07-21 10:15,0
7655406932823477524,2026-06-26,08:00,Video,משחק הסקווישי יכול להיות גם מסוכן (נוב ראובני),213,1395154,43622,621,24398,10367,4899,1798,73540,5.27,0,https://www.tiktok.com/@kan_news/video/7655406932823477524,2026-07-21 10:15,0
7655411683275427093,2026-06-26,09:00,Video,המזרק המשזף - עור שזוף בלי שעות על החוף? הרופאים מזהירים מהטרנד החדש @maylaurencelola,775,305815,14345,104,2299,267,1519,77,18267,5.97,0,https://www.tiktok.com/@kan_news/video/7655411683275427093,2026-07-21 10:15,0
7655593705054686472,2026-06-26,09:53,Video,כנגד כל הסיכויים: אישה חולצה בחיים מההריסות בוונצואלה אחרי רעידת האדמה הקטלנית  (דב גיל-הר) 📸: מתוך חשבון ה-X @Surajit,33,145698,4711,35,149,18,153,18,5048,3.46,0,https://www.tiktok.com/@kan_news/video/7655593705054686472,2026-07-21 10:15,0
7655258100513000725,2026-06-25,12:11,Video,"את זה חוקרי המשטרה לא רואים בכל יום: גבר 🔥 את הרכב של האקס של בת זוגו כנקמה לאחר עימות, והשאיר בטעות את הטלפון שלו בזירה (אורלי אלקלעי)",34,109790,2082,12,206,26,121,26,2421,2.21,0,https://www.tiktok.com/@kan_news/video/7655258100513000725,2026-07-21 10:15,0
7655301138253729045,2026-06-25,18:00,Video,גם השוטרים לא האמינו בהתחלה כשהם מצאו את זה בזירה (אורלי אלקלעי),210,191546,3526,35,718,160,354,63,4633,2.42,0,https://www.tiktok.com/@kan_news/video/7655301138253729045,2026-07-21 10:15,0
7655428976797699349,2026-06-25,23:14,Video,"מעצר חריג בנתב""ג: סבתא שעשתה מסע כדי לבוא לבקר את נכדיה בישראל כמעט גורשה רק כי הגיעה עם 60 דולר במזומן (שלי טפיירו)",245,399531,13012,60,386,86,584,64,14042,3.51,0,https://www.tiktok.com/@kan_news/video/7655428976797699349,2026-07-21 10:15,0
7655269708903550229,2026-06-25,12:56,Video,"""מאיפה הם עשו את הכסף שלהם? מהפוליטיקה!"":  המתקפה החריפה של בנט נגד דרעי וגולדקנופף, והטענה - הם מנצלים את תקציבי המדינה לטובת ג'ובים ומקורבים @amsterdamski2 #המנגנון",76,35639,1647,43,148,78,70,40,1908,5.35,0,https://www.tiktok.com/@kan_news/video/7655269708903550229,2026-07-21 10:15,0
7655243926277803284,2026-06-25,11:16,Video,מבטיחים שלא ביימנו את מה שקרה בתחילת הכתבה (יאיר אטינגר),586,25994,936,10,23,13,57,4,1026,3.95,0,https://www.tiktok.com/@kan_news/video/7655243926277803284,2026-07-21 10:15,0
7655284128635489557,2026-06-25,13:52,Video,בין שתי ערים (ושני מטבחים) @liran_kogahinoff,475,33477,451,2,31,10,30,5,514,1.54,0,https://www.tiktok.com/@kan_news/video/7655284128635489557,2026-07-21 10:15,0
7655402479110098197,2026-06-25,21:31,Video,אסון כבד בוונצואלה: שתי רעידות אדמה עוצמתיות פקדו את המדינה @yoavzehavi10,200,56574,904,25,58,24,53,39,1040,1.84,0,https://www.tiktok.com/@kan_news/video/7655402479110098197,2026-07-21 10:15,0
7655220429946211605,2026-06-25,09:45,Video,"בניינים קרסו אחד אחרי השני: שתי רעידות אדמה חזקות בעוצמות 7.2 ו-7.5 בסולם ריכטר פקדו את ונצואלה. חשש לאלפי הר!גים ואף לעשרות אלפים, הנזק מוערך במיליארדים. טראמפ: מוכנים לסייע",98,228834,5771,120,603,162,356,108,6850,2.99,0,https://www.tiktok.com/@kan_news/video/7655220429946211605,2026-07-21 10:15,0
7655376147126979841,2026-06-25,19:49,Video,"חגיגות המוניות של תלמידי תיכון ברחובות ביירות, לאחר שבחינות הבגרות לשנת 2026 בוטלו. במקומן, ייחשבו ציוני המגן. ואיך זה היה נראה בישראל? (עומר שחר)",20,136962,6880,50,873,59,204,25,8007,5.85,0,https://www.tiktok.com/@kan_news/video/7655376147126979841,2026-07-21 10:15,0
7655059872697896193,2026-06-24,23:22,Video,"""מוכנים למסור נפש בשביל בחורי הישיבות ולימוד התורה"": מה דעתכם - מחאה לגיטימית?  @daniel.grovais",181,37588,953,73,34,8,60,16,1120,2.98,0,https://www.tiktok.com/@kan_news/video/7655059872697896193,2026-07-21 10:15,0
7654895995137838357,2026-06-24,12:46,Video,"לא רק את חמאס, גם טר!ר איראני הם מממנים @roikais1987 (אליאור לוי)",123,45236,946,5,86,39,58,34,1095,2.42,0,https://www.tiktok.com/@kan_news/video/7654895995137838357,2026-07-21 10:15,0
7654718062335134984,2026-06-24,08:15,Video,הם לא מפחדים,167,209579,6183,81,673,176,403,62,7340,3.5,0,https://www.tiktok.com/@kan_news/video/7654718062335134984,2026-07-21 10:15,0
7654585790449732884,2026-06-23,18:00,Video,ביג פאשן גלילות נשאר פתוח בשבת אחרי שבית המשפט מחק את העתירה נגד המתחם. אבל המאבק רחוק מסיום - ועשוי להשפיע על עסקים פתוחים בשבת בכל הארץ @ofir.halperin,204,85131,3641,28,290,37,163,14,4122,4.84,0,https://www.tiktok.com/@kan_news/video/7654585790449732884,2026-07-21 10:15,0
7654581217756564756,2026-06-23,16:24,Video,"כש-AI מאפשר לזייף כל אדם בכמה קליקים, חוקי המשחק משתנים. איך נדע למי להאמין במערכת הבחירות הקרובה? כתבו לנו בתגובות @ittaishickman2",461,13489,207,6,6,1,13,2,232,1.72,0,https://www.tiktok.com/@kan_news/video/7654581217756564756,2026-07-21 10:15,0
7654655626882338068,2026-06-23,21:13,Video,"""אנחנו לא אנרכיסטים"": שימי בלוי, ממארגני המחאה נגד הגיוס, רומז שהשיירות המתוכננות למחר עשויות להיות רק ההתחלה - ואולי להגיע גם לנתב""ג בשבוע הבא @mayarachlin",54,208277,7483,141,355,63,257,83,8236,3.95,0,https://www.tiktok.com/@kan_news/video/7654655626882338068,2026-07-21 10:15,0
7654275714186857749,2026-06-22,20:39,Video,"נתניהו קבע שהפריימריז בליכוד לא יבוטלו - והוא צפוי לקבל בין שמונה לעשרה שריונים. ח""כ טלי גוטליב לא מתרגשת: ""לבד אני שווה חמישה מנדטים"" @mayarachlin #כאןבשש",37,153074,7034,263,213,56,173,45,7683,5.02,0,https://www.tiktok.com/@kan_news/video/7654275714186857749,2026-07-21 10:15,0
7654308248539008276,2026-06-22,22:45,Video,נתניהו קבע: הפריימריז בליכוד לא יבוטלו  @shahar_glick1,149,37348,561,10,9,2,28,2,608,1.63,0,https://www.tiktok.com/@kan_news/video/7654308248539008276,2026-07-21 10:15,0
7653962829220957460,2026-06-22,00:25,Video,עוקץ ה-AI הזה צריך להטריד את כולנו  @roiyanovsky,162,240592,5437,60,2735,1031,1152,452,9384,3.9,0,https://www.tiktok.com/@kan_news/video/7653962829220957460,2026-07-21 10:15,0
7654246049544129812,2026-06-22,18:43,Video,לקראת המשחק בדאלאס: הצעיר שמאחורי להיט היציעים של ארגנטינה - שרוצה לשמור על התואר ⚽ @itsikzuarets,48,41447,1175,10,19,5,39,8,1243,3,0,https://www.tiktok.com/@kan_news/video/7654246049544129812,2026-07-21 10:15,0
7653820619934567700,2026-06-21,15:13,Video,מתגעגעים לצלמי הפפראצי? @amitharari,58,536316,20535,97,3284,86,1474,51,25390,4.73,0,https://www.tiktok.com/@kan_news/video/7653820619934567700,2026-07-21 10:15,0
7653809469427617044,2026-06-21,14:29,Video,הטאלנט של כל הטאלנטים: סוכן האמנים בועז בן ציון הלך לעולמו (יובל אגסי),918,17404,232,2,4,2,18,2,256,1.47,0,https://www.tiktok.com/@kan_news/video/7653809469427617044,2026-07-21 10:15,0
7653809917266234644,2026-06-21,14:31,Video,הספר שחוזר ללילה שלפני אותו בוקר נורא מצליח למצוא את הנקודות בהן המערכת כשלה (מואב ורדי),839,48839,2091,41,70,37,170,18,2372,4.86,0,https://www.tiktok.com/@kan_news/video/7653809917266234644,2026-07-21 10:15,0
7653843364261006612,2026-06-21,16:41,Video,"""ידוע שהאויב מתחשב בחגי ישראל"": עמוס הראל מסביר איך כמחצית מהלוחמים שהיו אמורים להיות מוצבים בעוטף - היו בכלל בבתים בבוקר 7 באוקטובר  (מואב ורדי)",37,22578,396,7,18,2,17,2,438,1.94,0,https://www.tiktok.com/@kan_news/video/7653843364261006612,2026-07-21 10:15,0
7653875731298094357,2026-06-21,18:46,Video,"בת הזוג של סמ""ר ליאב כבביה ז""ל ספדה לו: ""היית האהבה הראשונה שלי""",18,110798,13997,896,624,46,341,31,15858,14.31,0,https://www.tiktok.com/@kan_news/video/7653875731298094357,2026-07-21 10:15,0
7653870818916699412,2026-06-21,18:27,Video,"מצמרר: סא""ל אור יול, שנפצע קשה בלבנון לפני כחודשיים, ספד לחיילו ליאב כבביה ז""ל: ""הצלת את חיי, היית כמו אח קטן שלי""",16,234357,20477,1179,817,78,536,89,23009,9.82,0,https://www.tiktok.com/@kan_news/video/7653870818916699412,2026-07-21 10:15,0
7653919443642371349,2026-06-21,21:36,Video,"עמוס הראל: היו 13 הסימנים שפספסו בצה""ל בליל 7 באוקטובר (מואב ורדי)",59,58599,1633,99,153,51,133,41,2018,3.44,0,https://www.tiktok.com/@kan_news/video/7653919443642371349,2026-07-21 10:15,0
7653880711371427092,2026-06-21,19:06,Video,במחאה על מעצר של הורים מהחסידות שחשודים בה@נחת בנם: מאות חסיד גור חוצים במעברי החצייה בערד שוב ושוב - כדי לגרום לעומסי תנועה בעיר @daniel.grovais צילום: קובי ישראל,10,299692,7748,307,1447,330,318,308,9820,3.28,0,https://www.tiktok.com/@kan_news/video/7653880711371427092,2026-07-21 10:15,0
7653950187534060820,2026-06-21,23:36,Video,כמה יוקר המחיה ישפיע על ההצבעה שלכם בבחירות? @lielkyzer1,502,148791,5584,182,363,36,293,37,6422,4.32,0,https://www.tiktok.com/@kan_news/video/7653950187534060820,2026-07-21 10:15,0
7653909920558894357,2026-06-21,20:59,Video,"אחות קטנה שלא יכיר: עינב, אימו של נוה חבשוש ז""ל, נמצאת בהיריון - ""אולי זו מתנה שהשארת לי""",40,91610,7612,175,316,34,138,22,8241,9,0,https://www.tiktok.com/@kan_news/video/7653909920558894357,2026-07-21 10:15,0
7653937168653585685,2026-06-21,22:45,Video,"""נחזור ממשימתנו אחרי קרבות - כמנצחים"": סא""ל דור גדליה בן שמחון ז""ל, מג""ד גדוד 52 שנפל בסוף השבוע, תועד מחזק את לוחמיו רגע לפני הכניסה ללבנון 💔 (@itayblumental1כרמלה מנשה)",17,52728,4217,183,228,37,159,49,4787,9.08,0,https://www.tiktok.com/@kan_news/video/7653937168653585685,2026-07-21 10:15,0
7653910042202180885,2026-06-21,21:00,Video,ביום שבו חמישה לוחמים הובאו למנוחות: בביתר עילית חוגגים את שחרורו של עריק חרדי מהכלא הצבאי @daniel.grovais,19,189912,8254,143,828,119,278,122,9503,5,0,https://www.tiktok.com/@kan_news/video/7653910042202180885,2026-07-21 10:15,0
7653799029301726485,2026-06-21,13:49,Video,"״תכננו לטייל ולהביא עוד ילדים, ועכשיו אני קוברת אותך״: רעייתו של אלכסנדר פילין ז״ל, דריה (דאשה), איבדה את קולה בימים שעברו מאז שהתבשרה על נפילתו של בעלה. את ההספד שכתבה קרא בהלוויה חברו הקרוב של אלכסנדר, מתן, כשהיא לצידו",40,120762,11267,434,90,10,213,15,12004,9.94,0,https://www.tiktok.com/@kan_news/video/7653799029301726485,2026-07-21 10:15,0
