Date,Content type,Views
2024-01-01,Live stream,4895
2024-01-02,Live stream,5091
2024-01-03,Live stream,5001
2024-01-04,Live stream,4498
2024-01-05,Live stream,4095
2024-01-06,Live stream,4782
2024-01-07,Live stream,3603
2024-01-08,Live stream,4178
2024-01-09,Live stream,3641
2024-01-10,Live stream,3826
2024-01-11,Live stream,3889
2024-01-12,Live stream,3748
2024-01-13,Live stream,4558
2024-01-14,Live stream,4147
2024-01-15,Live stream,3809
2024-01-16,Live stream,3423
2024-01-17,Live stream,4197
2024-01-18,Live stream,3581
2024-01-19,Live stream,4076
2024-01-20,Live stream,4097
2024-01-21,Live stream,3691
2024-01-22,Live stream,11795
2024-01-23,Live stream,14084
2024-01-24,Live stream,5450
2024-01-25,Live stream,117253
2024-01-26,Live stream,19652
2024-01-27,Live stream,17355
2024-01-28,Live stream,9573
2024-01-29,Live stream,7373
2024-01-30,Live stream,6796
2024-01-31,Live stream,6441
2024-02-01,Live stream,5416
2024-02-02,Live stream,4895
2024-02-03,Live stream,5537
2024-02-04,Live stream,5160
2024-02-05,Live stream,4578
2024-02-06,Live stream,3894
2024-02-07,Live stream,4099
2024-02-08,Live stream,3757
2024-02-09,Live stream,3177
2024-02-10,Live stream,3507
2024-02-11,Live stream,3389
2024-02-12,Live stream,3591
2024-02-13,Live stream,3880
2024-02-14,Live stream,3782
2024-02-15,Live stream,3353
2024-02-16,Live stream,3599
2024-02-17,Live stream,4276
2024-02-18,Live stream,3820
2024-02-19,Live stream,3851
2024-02-20,Live stream,4435
2024-02-21,Live stream,3423
2024-02-22,Live stream,3106
2024-02-23,Live stream,3217
2024-02-24,Live stream,4084
2024-02-25,Live stream,4887
2024-02-26,Live stream,8447
2024-02-27,Live stream,4858
2024-02-28,Live stream,3797
2024-02-29,Live stream,3566
2024-03-01,Live stream,3077
2024-03-02,Live stream,3854
2024-03-03,Live stream,3452
2024-03-04,Live stream,3620
2024-03-05,Live stream,3344
2024-03-06,Live stream,7290
2024-03-07,Live stream,6602
2024-03-08,Live stream,3546
2024-03-09,Live stream,3469
2024-03-10,Live stream,3531
2024-03-11,Live stream,4120
2024-03-12,Live stream,4008
2024-03-13,Live stream,4247
2024-03-14,Live stream,3469
2024-03-15,Live stream,2780
2024-03-16,Live stream,2931
2024-03-17,Live stream,2948
2024-03-18,Live stream,2974
2024-03-19,Live stream,2735
2024-03-20,Live stream,2510
2024-03-21,Live stream,2423
2024-03-22,Live stream,2383
2024-03-23,Live stream,3139
2024-03-24,Live stream,3093
2024-03-25,Live stream,3272
2024-03-26,Live stream,2900
2024-03-27,Live stream,2815
2024-03-28,Live stream,2557
2024-03-29,Live stream,2639
2024-03-30,Live stream,2623
2024-03-31,Live stream,2333
2024-04-01,Live stream,2290
2024-04-02,Live stream,2434
2024-04-03,Live stream,2611
2024-04-04,Live stream,2622
2024-04-05,Live stream,3020
2024-04-06,Live stream,3166
2024-04-07,Live stream,3157
2024-04-08,Live stream,2934
2024-04-09,Live stream,2626
2024-04-10,Live stream,3035
2024-04-11,Live stream,3252
2024-04-12,Live stream,3902
2024-04-13,Live stream,236326
2024-04-14,Live stream,60143
2024-04-15,Live stream,8016
2024-04-16,Live stream,4434
2024-04-17,Live stream,3609
2024-04-18,Live stream,32252
2024-04-19,Live stream,67763
2024-04-20,Live stream,4021
2024-04-21,Live stream,3305
2024-04-22,Live stream,3102
2024-04-23,Live stream,4124
2024-04-24,Live stream,3201
2024-04-25,Live stream,3583
2024-04-26,Live stream,3947
2024-04-27,Live stream,3758
2024-04-28,Live stream,3608
2024-04-29,Live stream,4074
2024-04-30,Live stream,3889
2024-05-01,Live stream,3663
2024-05-02,Live stream,3658
2024-05-03,Live stream,4460
2024-05-04,Live stream,4890
2024-05-05,Live stream,32002
2024-05-06,Live stream,10794
2024-05-07,Live stream,5634
2024-05-08,Live stream,4486
2024-05-09,Live stream,4672
2024-05-10,Live stream,4679
2024-05-11,Live stream,5144
2024-05-12,Live stream,20732
2024-05-13,Live stream,59842
2024-05-14,Live stream,14163
2024-05-15,Live stream,6172
2024-05-16,Live stream,5250
2024-05-17,Live stream,4854
2024-05-18,Live stream,5147
2024-05-19,Live stream,5060
2024-05-20,Live stream,4343
2024-05-21,Live stream,4007
2024-05-22,Live stream,3673
2024-05-23,Live stream,3904
2024-05-24,Live stream,21840
2024-05-25,Live stream,6942
2024-05-26,Live stream,28325
2024-05-27,Live stream,7849
2024-05-28,Live stream,6457
2024-05-29,Live stream,6348
2024-05-30,Live stream,5035
2024-05-31,Live stream,4939
2024-06-01,Live stream,6414
2024-06-02,Live stream,19275
2024-06-03,Live stream,4799
2024-06-04,Live stream,4720
2024-06-05,Live stream,4734
2024-06-06,Live stream,4383
2024-06-07,Live stream,4783
2024-06-08,Live stream,6176
2024-06-09,Live stream,4705
2024-06-10,Live stream,4650
2024-06-11,Live stream,5505
2024-06-12,Live stream,5456
2024-06-13,Live stream,5530
2024-06-14,Live stream,4456
2024-06-15,Live stream,6144
2024-06-16,Live stream,5095
2024-06-17,Live stream,4813
2024-06-18,Live stream,5456
2024-06-19,Live stream,4143
2024-06-20,Live stream,7768
2024-06-21,Live stream,4558
2024-06-22,Live stream,5461
2024-06-23,Live stream,4780
2024-06-24,Live stream,4624
2024-06-25,Live stream,5004
2024-06-26,Live stream,4728
2024-06-27,Live stream,5426
2024-06-28,Live stream,6691
2024-06-29,Live stream,5924
2024-06-30,Live stream,5372
2024-07-01,Live stream,4807
2024-07-02,Live stream,4812
2024-07-03,Live stream,4962
2024-07-04,Live stream,5769
2024-07-05,Live stream,5010
2024-07-06,Live stream,5022
2024-07-07,Live stream,5125
2024-07-08,Live stream,5153
2024-07-09,Live stream,4902
2024-07-10,Live stream,4678
2024-07-11,Live stream,5356
2024-07-12,Live stream,5396
2024-07-13,Live stream,4731
2024-07-14,Live stream,5101
2024-07-15,Live stream,4882
2024-07-16,Live stream,4306
2024-07-17,Live stream,3851
2024-07-18,Live stream,4067
2024-07-19,Live stream,3920
2024-07-20,Live stream,25312
2024-07-21,Live stream,6073
2024-07-22,Live stream,13033
2024-07-23,Live stream,4713
2024-07-24,Live stream,107214
2024-07-25,Live stream,22388
2024-07-26,Live stream,5987
2024-07-27,Live stream,42897
2024-07-28,Live stream,6668
2024-07-29,Live stream,3656
2024-07-30,Live stream,3219
2024-07-31,Live stream,3520
2024-08-01,Live stream,3636
2024-08-02,Live stream,4149
2024-08-03,Live stream,3563
2024-08-04,Live stream,3281
2024-08-05,Live stream,3143
2024-08-06,Live stream,2564
2024-08-07,Live stream,2521
2024-08-08,Live stream,2136
2024-08-09,Live stream,2099
2024-08-10,Live stream,2167
2024-08-11,Live stream,1956
2024-08-12,Live stream,2775
2024-08-13,Live stream,2553
2024-08-14,Live stream,1914
2024-08-15,Live stream,1828
2024-08-16,Live stream,1800
2024-08-17,Live stream,2052
2024-08-18,Live stream,1874
2024-08-19,Live stream,1839
2024-08-20,Live stream,1961
2024-08-21,Live stream,1755
2024-08-22,Live stream,1754
2024-08-23,Live stream,1573
2024-08-24,Live stream,51320
2024-08-25,Live stream,44000
2024-08-26,Live stream,3173
2024-08-27,Live stream,28822
2024-08-28,Live stream,2680
2024-08-29,Live stream,1866
2024-08-30,Live stream,2160
2024-08-31,Live stream,14158
2024-09-01,Live stream,46559
2024-09-02,Live stream,3638
2024-09-03,Live stream,2143
2024-09-04,Live stream,2176
2024-09-05,Live stream,2358
2024-09-06,Live stream,2068
2024-09-07,Live stream,2334
2024-09-08,Live stream,2099
2024-09-09,Live stream,2174
2024-09-10,Live stream,2222
2024-09-11,Live stream,1963
2024-09-12,Live stream,2261
2024-09-13,Live stream,2354
2024-09-14,Live stream,2451
2024-09-15,Live stream,1821
2024-09-16,Live stream,1762
2024-09-17,Live stream,2514
2024-09-18,Live stream,1867
2024-09-19,Live stream,1818
2024-09-20,Live stream,56060
2024-09-21,Live stream,53957
2024-09-22,Live stream,59770
2024-09-23,Live stream,47568
2024-09-24,Live stream,6263
2024-09-25,Live stream,3743
2024-09-26,Live stream,3812
2024-09-27,Live stream,5997
2024-09-28,Live stream,81089
2024-09-29,Live stream,6101
2024-09-30,Live stream,73702
2024-10-01,Live stream,206811
2024-10-02,Live stream,13200
2024-10-03,Live stream,8125
2024-10-04,Live stream,6343
2024-10-05,Live stream,6416
2024-10-06,Live stream,8822
2024-10-07,Live stream,44086
2024-10-08,Live stream,5152
2024-10-09,Live stream,3132
2024-10-10,Live stream,3166
2024-10-11,Live stream,3301
2024-10-12,Live stream,3801
2024-10-13,Live stream,3299
2024-10-14,Live stream,3271
2024-10-15,Live stream,2908
2024-10-16,Live stream,2974
2024-10-17,Live stream,117026
2024-10-18,Live stream,11169
2024-10-19,Live stream,7333
2024-10-20,Live stream,5363
2024-10-21,Live stream,4449
2024-10-22,Live stream,4019
2024-10-23,Live stream,3929
2024-10-24,Live stream,4405
2024-10-25,Live stream,3813
2024-10-26,Live stream,3645
2024-10-27,Live stream,3473
2024-10-28,Live stream,3268
2024-10-29,Live stream,3051
2024-10-30,Live stream,3589
2024-10-31,Live stream,3802
2024-11-01,Live stream,3696
2024-11-02,Live stream,3791
2024-11-03,Live stream,9873
2024-11-04,Live stream,4028
2024-11-05,Live stream,73039
2024-11-06,Live stream,30587
2024-11-07,Live stream,2861
2024-11-08,Live stream,2469
2024-11-09,Live stream,3017
2024-11-10,Live stream,2458
2024-11-11,Live stream,2828
2024-11-12,Live stream,2948
2024-11-13,Live stream,3382
2024-11-14,Live stream,3268
2024-11-15,Live stream,3289
2024-11-16,Live stream,3191
2024-11-17,Live stream,2771
2024-11-18,Live stream,2845
2024-11-19,Live stream,3365
2024-11-20,Live stream,2623
2024-11-21,Live stream,2556
2024-11-22,Live stream,2890
2024-11-23,Live stream,3160
2024-11-24,Live stream,2138
2024-11-25,Live stream,1607
2024-11-26,Live stream,1672
2024-11-27,Live stream,1387
2024-11-28,Live stream,1442
2024-11-29,Live stream,1393
2024-11-30,Live stream,1355
2024-12-01,Live stream,1259
2024-12-02,Live stream,1447
2024-12-03,Live stream,1433
2024-12-04,Live stream,1339
2024-12-05,Live stream,1262
2024-12-06,Live stream,1300
2024-12-07,Live stream,1398
2024-12-08,Live stream,1260
2024-12-09,Live stream,3130
2024-12-10,Live stream,20699
2024-12-11,Live stream,2193
2024-12-12,Live stream,1748
2024-12-13,Live stream,1572
2024-12-14,Live stream,1694
2024-12-15,Live stream,1378
2024-12-16,Live stream,1365
2024-12-17,Live stream,1157
2024-12-18,Live stream,1232
2024-12-19,Live stream,1126
2024-12-20,Live stream,1350
2024-12-21,Live stream,1398
2024-12-22,Live stream,1349
2024-12-23,Live stream,1275
2024-12-24,Live stream,1173
2024-12-25,Live stream,1172
2024-12-26,Live stream,1186
2024-12-27,Live stream,1128
2024-12-28,Live stream,1538
2024-12-29,Live stream,1578
2024-12-30,Live stream,1190
2024-12-31,Live stream,1262
2025-01-01,Live stream,1349
2025-01-02,Live stream,1282
2025-01-03,Live stream,1242
2025-01-04,Live stream,1386
2025-01-05,Live stream,1174
2025-01-06,Live stream,1133
2025-01-07,Live stream,1247
2025-01-08,Live stream,1390
2025-01-09,Live stream,1321
2025-01-10,Live stream,1574
2025-01-11,Live stream,1404
2025-01-12,Live stream,1246
2025-01-13,Live stream,1254
2025-01-14,Live stream,1105
2025-01-15,Live stream,1217
2025-01-16,Live stream,1402
2025-01-17,Live stream,1646
2025-01-18,Live stream,1832
2025-01-19,Live stream,288662
2025-01-20,Live stream,4914
2025-01-21,Live stream,2622
2025-01-22,Live stream,2190
2025-01-23,Live stream,1872
2025-01-24,Live stream,11121
2025-01-25,Live stream,163563
2025-01-26,Live stream,3562
2025-01-27,Live stream,2049
2025-01-28,Live stream,1580
2025-01-29,Live stream,1691
2025-01-30,Live stream,220219
2025-01-31,Live stream,28107
2025-02-01,Live stream,78068
2025-02-02,Live stream,3464
2025-02-03,Live stream,2152
2025-02-04,Live stream,1495
2025-02-05,Live stream,1552
2025-02-06,Live stream,1551
2025-02-07,Live stream,6102
2025-02-08,Live stream,54192
2025-02-09,Live stream,2583
2025-02-10,Live stream,1460
2025-02-11,Live stream,1455
2025-02-12,Live stream,1388
2025-02-13,Live stream,1306
2025-02-14,Live stream,1638
2025-02-15,Live stream,2356
2025-02-16,Live stream,1272
2025-02-17,Live stream,1091
2025-02-18,Live stream,1399
2025-02-19,Live stream,1873
2025-02-20,Live stream,1769
2025-02-21,Live stream,1776
2025-02-22,Live stream,1982
2025-02-23,Live stream,1287
2025-02-24,Live stream,1921
2025-02-25,Live stream,4131
2025-02-26,Live stream,1043
2025-02-27,Live stream,945
2025-02-28,Live stream,924
2025-03-01,Live stream,962
2025-03-02,Live stream,799
2025-03-03,Live stream,796
2025-03-04,Live stream,717
2025-03-05,Live stream,771
2025-03-06,Live stream,716
2025-03-07,Live stream,826
2025-03-08,Live stream,965
2025-03-09,Live stream,656
2025-03-10,Live stream,668
2025-03-11,Live stream,633
2025-03-12,Live stream,657
2025-03-13,Live stream,632
2025-03-14,Live stream,697
2025-03-15,Live stream,777
2025-03-16,Live stream,645
2025-03-17,Live stream,751
2025-03-18,Live stream,817
2025-03-19,Live stream,749
2025-03-20,Live stream,702
2025-03-21,Live stream,944
2025-03-22,Live stream,857
2025-03-23,Live stream,684
2025-03-24,Live stream,801
2025-03-25,Live stream,638
2025-03-26,Live stream,668
2025-03-27,Live stream,769
2025-03-28,Live stream,791
2025-03-29,Live stream,794
2025-03-30,Live stream,730
2025-03-31,Live stream,723
2025-04-01,Live stream,713
2025-04-02,Live stream,824
2025-04-03,Live stream,907
2025-04-04,Live stream,849
2025-04-05,Live stream,910
2025-04-06,Live stream,954
2025-04-07,Live stream,882
2025-04-08,Live stream,1033
2025-04-09,Live stream,934
2025-04-10,Live stream,863
2025-04-11,Live stream,1041
2025-04-12,Live stream,1064
2025-04-13,Live stream,1166
2025-04-14,Live stream,1419
2025-04-15,Live stream,1192
2025-04-16,Live stream,1336
2025-04-17,Live stream,1316
2025-04-18,Live stream,1207
2025-04-19,Live stream,1165
2025-04-20,Live stream,1104
2025-04-21,Live stream,1215
2025-04-22,Live stream,1319
2025-04-23,Live stream,2093
2025-04-24,Live stream,1848
2025-04-25,Live stream,1584
2025-04-26,Live stream,1545
2025-04-27,Live stream,1652
2025-04-28,Live stream,1536
2025-04-29,Live stream,2159
2025-04-30,Live stream,3141
2025-05-01,Live stream,1944
2025-05-02,Live stream,1795
2025-05-03,Live stream,1680
2025-05-04,Live stream,1683
2025-05-05,Live stream,1466
2025-05-06,Live stream,1536
2025-05-07,Live stream,1698
2025-05-08,Live stream,1140
2025-05-09,Live stream,1182
2025-05-10,Live stream,1338
2025-05-11,Live stream,1065
2025-05-12,Live stream,1233
2025-05-13,Live stream,1296
2025-05-14,Live stream,1346
2025-05-15,Live stream,1296
2025-05-16,Live stream,1613
2025-05-17,Live stream,1594
2025-05-18,Live stream,1400
2025-05-19,Live stream,1528
2025-05-20,Live stream,1456
2025-05-21,Live stream,1677
2025-05-22,Live stream,1565
2025-05-23,Live stream,1734
2025-05-24,Live stream,1731
2025-05-25,Live stream,1716
2025-05-26,Live stream,1427
2025-05-27,Live stream,1418
2025-05-28,Live stream,1588
2025-05-29,Live stream,1408
2025-05-30,Live stream,1236
2025-05-31,Live stream,1757
2025-06-01,Live stream,1226
2025-06-02,Live stream,1237
2025-06-03,Live stream,1280
2025-06-04,Live stream,1512
2025-06-05,Live stream,2080
2025-06-06,Live stream,1776
2025-06-07,Live stream,4057
2025-06-08,Live stream,1966
2025-06-09,Live stream,2392
2025-06-10,Live stream,1623
2025-06-11,Live stream,2749
2025-06-12,Live stream,3526
2025-06-13,Live stream,4372
2025-06-14,Live stream,3096
2025-06-15,Live stream,2292
2025-06-16,Live stream,2040
2025-06-17,Live stream,1925
2025-06-18,Live stream,2185
2025-06-19,Live stream,3242
2025-06-20,Live stream,3261
2025-06-21,Live stream,4104
2025-06-22,Live stream,3801
2025-06-23,Live stream,4036
2025-06-24,Live stream,4431
2025-06-25,Live stream,3160
2025-06-26,Live stream,2121
2025-06-27,Live stream,3539
2025-06-28,Live stream,2885
2025-06-29,Live stream,2291
2025-06-30,Live stream,2372
2025-07-01,Live stream,2158
2025-07-02,Live stream,2880
2025-07-03,Live stream,1524
2025-07-04,Live stream,5169
2025-07-05,Live stream,5336
2025-07-06,Live stream,3084
2025-07-07,Live stream,1909
2025-07-08,Live stream,2052
2025-07-09,Live stream,1252
2025-07-10,Live stream,2759
2025-07-11,Live stream,2973
2025-07-12,Live stream,3516
2025-07-13,Live stream,3192
2025-07-14,Live stream,3830
2025-07-15,Live stream,2431
2025-07-16,Live stream,2629
2025-07-17,Live stream,2261
2025-07-18,Live stream,2602
2025-07-19,Live stream,2321
2025-07-20,Live stream,1778
2025-07-21,Live stream,2048
2025-07-22,Live stream,2395
2025-07-23,Live stream,2725
2025-07-24,Live stream,2953
2025-07-25,Live stream,1854
2025-07-26,Live stream,5435
2025-07-27,Live stream,4132
2025-07-28,Live stream,5641
2025-07-29,Live stream,2989
2025-07-30,Live stream,2183
2025-07-31,Live stream,2470
2025-08-01,Live stream,2369
2025-08-02,Live stream,3037
2025-08-03,Live stream,3152
2025-08-04,Live stream,2578
2025-08-05,Live stream,2718
2025-08-06,Live stream,2620
2025-08-07,Live stream,4739
2025-08-08,Live stream,4684
2025-08-09,Live stream,4555
2025-08-10,Live stream,4185
2025-08-11,Live stream,4204
2025-08-12,Live stream,3414
2025-08-13,Live stream,3586
2025-08-14,Live stream,2424
2025-08-15,Live stream,2658
2025-08-16,Live stream,2753
2025-08-17,Live stream,2566
2025-08-18,Live stream,2589
2025-08-19,Live stream,2789
2025-08-20,Live stream,5691
2025-08-21,Live stream,3217
2025-08-22,Live stream,2612
2025-08-23,Live stream,2201
2025-08-24,Live stream,3144
2025-08-25,Live stream,2193
2025-08-26,Live stream,1816
2025-08-27,Live stream,3261
2025-08-28,Live stream,6042
2025-08-29,Live stream,2703
2025-08-30,Live stream,3986
2025-08-31,Live stream,2198
2025-09-01,Live stream,2119
2025-09-02,Live stream,3141
2025-09-03,Live stream,3118
2025-09-04,Live stream,2219
2025-09-05,Live stream,2154
2025-09-06,Live stream,2255
2025-09-07,Live stream,2265
2025-09-08,Live stream,1971
2025-09-09,Live stream,2383
2025-09-10,Live stream,1379
2025-09-11,Live stream,2309
2025-09-12,Live stream,1666
2025-09-13,Live stream,2156
2025-09-14,Live stream,2058
2025-09-15,Live stream,2163
2025-09-16,Live stream,1973
2025-09-17,Live stream,1968
2025-09-18,Live stream,2295
2025-09-19,Live stream,1765
2025-09-20,Live stream,1581
2025-09-21,Live stream,1399
2025-09-22,Live stream,1487
2025-09-23,Live stream,1648
2025-09-24,Live stream,1936
2025-09-25,Live stream,3461
2025-09-26,Live stream,2714
2025-09-27,Live stream,2292
2025-09-28,Live stream,1954
2025-09-29,Live stream,2521
2025-09-30,Live stream,3150
2025-10-01,Live stream,2987
2025-10-02,Live stream,4013
2025-10-03,Live stream,2879
2025-10-04,Live stream,2635
2025-10-05,Live stream,2495
2025-10-06,Live stream,2847
2025-10-07,Live stream,3503
2025-10-08,Live stream,3842
2025-10-09,Live stream,3460
2025-10-10,Live stream,2624
2025-10-11,Live stream,2432
2025-10-12,Live stream,2967
2025-10-13,Live stream,3587
2025-10-14,Live stream,2669
2025-10-15,Live stream,2458
2025-10-16,Live stream,2405
2025-10-17,Live stream,2062
2025-10-18,Live stream,2176
2025-10-19,Live stream,2252
2025-10-20,Live stream,2316
2025-10-21,Live stream,1687
2025-10-22,Live stream,1612
2025-10-23,Live stream,1594
2025-10-24,Live stream,2137
2025-10-25,Live stream,2530
2025-10-26,Live stream,2334
2025-10-27,Live stream,2963
2025-10-28,Live stream,2363
2025-10-29,Live stream,2136
2025-10-30,Live stream,2448
2025-10-31,Live stream,2268
2025-11-01,Live stream,3058
2025-11-02,Live stream,2397
2025-11-03,Live stream,3485
2025-11-04,Live stream,1598
2025-11-05,Live stream,1737
2025-11-06,Live stream,1713
2025-11-07,Live stream,1416
2025-11-08,Live stream,1632
2025-11-09,Live stream,1492
2025-11-10,Live stream,1697
2025-11-11,Live stream,2022
2025-11-12,Live stream,1817
2025-11-13,Live stream,1552
2025-11-14,Live stream,1477
2025-11-15,Live stream,1592
2025-11-16,Live stream,1318
2025-11-17,Live stream,1354
2025-11-18,Live stream,1414
2025-11-19,Live stream,1163
2025-11-20,Live stream,1157
2025-11-21,Live stream,1023
2025-11-22,Live stream,1188
2025-11-23,Live stream,1258
2025-11-24,Live stream,1322
2025-11-25,Live stream,1311
2025-11-26,Live stream,1307
2025-11-27,Live stream,1909
2025-11-28,Live stream,1953
2025-11-29,Live stream,1692
2025-11-30,Live stream,1796
2025-12-01,Live stream,1718
2025-12-02,Live stream,1697
2025-12-03,Live stream,2298
2025-12-04,Live stream,2000
2025-12-05,Live stream,1787
2025-12-06,Live stream,2242
2025-12-07,Live stream,2342
2025-12-08,Live stream,2397
2025-12-09,Live stream,2310
2025-12-10,Live stream,2425
2025-12-11,Live stream,2683
2025-12-12,Live stream,3091
2025-12-13,Live stream,3833
2025-12-14,Live stream,3381
2025-12-15,Live stream,3511
2025-12-16,Live stream,2490
2025-12-17,Live stream,1965
2025-12-18,Live stream,1821
2025-12-19,Live stream,1407
2025-12-20,Live stream,1500
2025-12-21,Live stream,1595
2025-12-22,Live stream,1644
2025-12-23,Live stream,1532
2025-12-24,Live stream,1714
2025-12-25,Live stream,1122
2025-12-26,Live stream,940
2025-12-27,Live stream,1071
2025-12-28,Live stream,1115
2025-12-29,Live stream,1315
2025-12-30,Live stream,1342
2025-12-31,Live stream,1391
2026-01-01,Live stream,1321
2026-01-02,Live stream,897
2026-01-03,Live stream,811
2026-01-04,Live stream,1131
2026-01-05,Live stream,1095
2026-01-06,Live stream,1043
2026-01-07,Live stream,1653
2026-01-08,Live stream,1678
2026-01-09,Live stream,1922
2026-01-10,Live stream,1084
2026-01-11,Live stream,1128
2026-01-12,Live stream,983
2026-01-13,Live stream,973
2026-01-14,Live stream,1213
2026-01-15,Live stream,1320
2026-01-16,Live stream,1298
2026-01-17,Live stream,1263
2026-01-18,Live stream,1392
2026-01-19,Live stream,1291
2026-01-20,Live stream,1750
2026-01-21,Live stream,1317
2026-01-22,Live stream,1186
2026-01-23,Live stream,1232
2026-01-24,Live stream,1258
2026-01-25,Live stream,1324
2026-01-26,Live stream,1335
2026-01-27,Live stream,1413
2026-01-28,Live stream,1531
2026-01-29,Live stream,1465
2026-01-30,Live stream,1262
2026-01-31,Live stream,1197
2026-02-01,Live stream,1364
2026-02-02,Live stream,1454
2026-02-03,Live stream,1491
2026-02-04,Live stream,1038
2026-02-05,Live stream,1211
2026-02-06,Live stream,1442
2026-02-07,Live stream,1460
2026-02-08,Live stream,1240
2026-02-09,Live stream,1678
2026-02-10,Live stream,1851
2026-02-11,Live stream,1672
2026-02-12,Live stream,1930
2026-02-13,Live stream,1598
2026-02-14,Live stream,1575
2026-02-15,Live stream,1275
2026-02-16,Live stream,1011
2026-02-17,Live stream,1236
2026-02-18,Live stream,1760
2026-02-19,Live stream,1908
2026-02-20,Live stream,1913
2026-02-21,Live stream,1242
2026-02-22,Live stream,1184
2026-02-23,Live stream,1193
2026-02-24,Live stream,1380
2026-02-25,Live stream,1410
2026-02-26,Live stream,1845
2026-02-27,Live stream,2018
2026-02-28,Live stream,2841
2026-03-01,Live stream,1862
2026-03-02,Live stream,1331
2026-03-03,Live stream,1056
2026-03-04,Live stream,1081
2026-03-05,Live stream,1116
2026-03-06,Live stream,1358
2026-03-07,Live stream,1548
2026-03-08,Live stream,1112
2026-03-09,Live stream,1411
2026-03-10,Live stream,1031
2026-03-11,Live stream,978
2026-03-12,Live stream,679
2026-03-13,Live stream,964
2026-03-14,Live stream,1090
2026-03-15,Live stream,888
2026-03-16,Live stream,752
2026-03-17,Live stream,891
2026-03-18,Live stream,800
2026-03-19,Live stream,864
2026-03-20,Live stream,906
2026-03-21,Live stream,1106
2026-03-22,Live stream,845
2026-03-23,Live stream,739
2026-03-24,Live stream,704
2026-03-25,Live stream,819
2026-03-26,Live stream,812
2026-03-27,Live stream,710
2026-03-28,Live stream,679
2026-03-29,Live stream,697
2026-03-30,Live stream,702
2026-03-31,Live stream,633
2026-04-01,Live stream,912
2026-04-02,Live stream,736
2026-04-03,Live stream,894
2026-04-04,Live stream,805
2026-04-05,Live stream,821
2026-04-06,Live stream,722
2026-04-07,Live stream,970
2026-04-08,Live stream,729
2026-04-09,Live stream,612
2026-04-10,Live stream,522
2026-04-11,Live stream,775
2026-04-12,Live stream,709
2026-04-13,Live stream,1101
2026-04-14,Live stream,756
2026-04-15,Live stream,554
2026-04-16,Live stream,613
2026-04-17,Live stream,636
2026-04-18,Live stream,683
2026-04-19,Live stream,664
2026-04-20,Live stream,948
2026-04-21,Live stream,1187
2026-04-22,Live stream,906
2026-04-23,Live stream,639
2026-04-24,Live stream,605
2026-04-25,Live stream,609
2026-04-26,Live stream,582
2026-04-27,Live stream,547
2026-04-28,Live stream,555
2026-04-29,Live stream,586
2026-04-30,Live stream,587
2026-05-01,Live stream,779
2026-05-02,Live stream,839
2026-05-03,Live stream,718
2026-05-04,Live stream,688
2026-05-05,Live stream,813
2026-05-06,Live stream,605
2026-05-07,Live stream,845
2026-05-08,Live stream,923
2026-05-09,Live stream,1146
2026-05-10,Live stream,1359
2026-05-11,Live stream,1139
2026-05-12,Live stream,1627
2026-05-13,Live stream,1274
2026-05-14,Live stream,1865
2026-05-15,Live stream,1004
2026-05-16,Live stream,1248
2026-05-17,Live stream,1250
2026-05-18,Live stream,915
2026-05-19,Live stream,1259
2026-05-20,Live stream,985
2026-05-21,Live stream,972
2026-05-22,Live stream,651
2026-05-23,Live stream,861
2026-05-24,Live stream,1192
2026-05-25,Live stream,936
2026-05-26,Live stream,856
2026-05-27,Live stream,1080
2026-05-28,Live stream,1111
2026-05-29,Live stream,1036
2026-05-30,Live stream,988
2026-05-31,Live stream,851
2026-06-01,Live stream,1041
2026-06-02,Live stream,772
2026-06-03,Live stream,970
2026-06-04,Live stream,1031
2026-06-05,Live stream,837
2026-06-06,Live stream,1208
2026-06-07,Live stream,1392
2026-06-08,Live stream,1091
2026-06-09,Live stream,1086
2026-06-10,Live stream,972
2026-06-11,Live stream,1106
2026-06-12,Live stream,1203
2026-06-13,Live stream,1124
2026-06-14,Live stream,1085
2026-06-15,Live stream,717
2026-06-16,Live stream,627
2026-06-17,Live stream,873
2026-06-18,Live stream,746
2026-06-19,Live stream,672
2026-06-20,Live stream,717
2026-06-21,Live stream,638
2026-06-22,Live stream,510
2026-06-23,Live stream,544
2026-06-24,Live stream,525
2026-06-25,Live stream,448
2026-06-26,Live stream,654
2026-06-27,Live stream,590
2026-06-28,Live stream,631
2026-06-29,Live stream,669
2026-06-30,Live stream,502
2026-07-01,Live stream,505
2026-07-02,Live stream,532
2026-07-03,Live stream,629
2026-07-04,Live stream,580
2026-07-05,Live stream,650
2026-07-06,Live stream,608
2026-07-07,Live stream,545
2026-07-08,Live stream,359
2026-07-09,Live stream,510
2026-07-10,Live stream,511
2026-07-11,Live stream,807
2026-07-12,Live stream,386
2026-07-13,Live stream,426
2026-07-14,Live stream,478
2026-07-15,Live stream,481
2026-07-16,Live stream,518
2026-07-17,Live stream,501
2026-07-18,Live stream,500
2026-07-19,Live stream,792
2026-07-20,Live stream,624
2026-07-21,Live stream,543
2026-07-22,Live stream,474
2026-07-23,Live stream,476
2026-07-24,Live stream,436
2026-07-25,Live stream,493
2026-07-26,Live stream,409
2026-07-27,Live stream,397
2026-07-28,Live stream,419
2026-07-29,Live stream,600
2026-07-30,Live stream,495
2026-07-31,Live stream,575
2026-08-01,Live stream,886
2026-08-02,Live stream,774
2026-08-03,Live stream,826
2026-08-04,Live stream,1341
2026-08-05,Live stream,1164
2026-08-06,Live stream,906
2026-08-07,Live stream,1438
2026-08-08,Live stream,1415
2026-08-09,Live stream,1100
2026-08-10,Live stream,1031
2024-01-01,Shorts,89815
2024-01-02,Shorts,64482
2024-01-03,Shorts,61191
2024-01-04,Shorts,66309
2024-01-05,Shorts,36722
2024-01-06,Shorts,88846
2024-01-07,Shorts,90990
2024-01-08,Shorts,130503
2024-01-09,Shorts,146509
2024-01-10,Shorts,107586
2024-01-11,Shorts,109777
2024-01-12,Shorts,95488
2024-01-13,Shorts,111828
2024-01-14,Shorts,93331
2024-01-15,Shorts,87510
2024-01-16,Shorts,71757
2024-01-17,Shorts,139587
2024-01-18,Shorts,127792
2024-01-19,Shorts,104463
2024-01-20,Shorts,99299
2024-01-21,Shorts,97951
2024-01-22,Shorts,101983
2024-01-23,Shorts,121013
2024-01-24,Shorts,93034
2024-01-25,Shorts,219265
2024-01-26,Shorts,86403
2024-01-27,Shorts,98244
2024-01-28,Shorts,208548
2024-01-29,Shorts,166647
2024-01-30,Shorts,202446
2024-01-31,Shorts,266906
2024-02-01,Shorts,262505
2024-02-02,Shorts,147074
2024-02-03,Shorts,224522
2024-02-04,Shorts,245961
2024-02-05,Shorts,196435
2024-02-06,Shorts,255690
2024-02-07,Shorts,251306
2024-02-08,Shorts,236205
2024-02-09,Shorts,160917
2024-02-10,Shorts,146327
2024-02-11,Shorts,148773
2024-02-12,Shorts,147946
2024-02-13,Shorts,139050
2024-02-14,Shorts,246437
2024-02-15,Shorts,227011
2024-02-16,Shorts,158569
2024-02-17,Shorts,164269
2024-02-18,Shorts,247877
2024-02-19,Shorts,267718
2024-02-20,Shorts,195114
2024-02-21,Shorts,156456
2024-02-22,Shorts,208558
2024-02-23,Shorts,128015
2024-02-24,Shorts,135465
2024-02-25,Shorts,122248
2024-02-26,Shorts,95097
2024-02-27,Shorts,82126
2024-02-28,Shorts,71501
2024-02-29,Shorts,63477
2024-03-01,Shorts,47442
2024-03-02,Shorts,57498
2024-03-03,Shorts,136314
2024-03-04,Shorts,150548
2024-03-05,Shorts,178653
2024-03-06,Shorts,173072
2024-03-07,Shorts,208197
2024-03-08,Shorts,150893
2024-03-09,Shorts,162809
2024-03-10,Shorts,139818
2024-03-11,Shorts,119551
2024-03-12,Shorts,122843
2024-03-13,Shorts,127016
2024-03-14,Shorts,113713
2024-03-15,Shorts,80527
2024-03-16,Shorts,90500
2024-03-17,Shorts,158040
2024-03-18,Shorts,172687
2024-03-19,Shorts,148119
2024-03-20,Shorts,118308
2024-03-21,Shorts,128343
2024-03-22,Shorts,90122
2024-03-23,Shorts,83815
2024-03-24,Shorts,178524
2024-03-25,Shorts,197757
2024-03-26,Shorts,183551
2024-03-27,Shorts,154711
2024-03-28,Shorts,172357
2024-03-29,Shorts,132731
2024-03-30,Shorts,142320
2024-03-31,Shorts,211110
2024-04-01,Shorts,213646
2024-04-02,Shorts,230789
2024-04-03,Shorts,201157
2024-04-04,Shorts,249994
2024-04-05,Shorts,159228
2024-04-06,Shorts,204334
2024-04-07,Shorts,200741
2024-04-08,Shorts,148471
2024-04-09,Shorts,172130
2024-04-10,Shorts,264568
2024-04-11,Shorts,292353
2024-04-12,Shorts,208287
2024-04-13,Shorts,240201
2024-04-14,Shorts,283050
2024-04-15,Shorts,228695
2024-04-16,Shorts,231421
2024-04-17,Shorts,240913
2024-04-18,Shorts,218316
2024-04-19,Shorts,144008
2024-04-20,Shorts,143296
2024-04-21,Shorts,106097
2024-04-22,Shorts,65665
2024-04-23,Shorts,78722
2024-04-24,Shorts,165975
2024-04-25,Shorts,206123
2024-04-26,Shorts,138332
2024-04-27,Shorts,158463
2024-04-28,Shorts,120212
2024-04-29,Shorts,111935
2024-04-30,Shorts,180183
2024-05-01,Shorts,177473
2024-05-02,Shorts,162839
2024-05-03,Shorts,127972
2024-05-04,Shorts,111650
2024-05-05,Shorts,86372
2024-05-06,Shorts,141237
2024-05-07,Shorts,135555
2024-05-08,Shorts,132779
2024-05-09,Shorts,123199
2024-05-10,Shorts,113642
2024-05-11,Shorts,90913
2024-05-12,Shorts,106256
2024-05-13,Shorts,101290
2024-05-14,Shorts,83912
2024-05-15,Shorts,62238
2024-05-16,Shorts,144778
2024-05-17,Shorts,133449
2024-05-18,Shorts,187351
2024-05-19,Shorts,176789
2024-05-20,Shorts,239241
2024-05-21,Shorts,195946
2024-05-22,Shorts,169938
2024-05-23,Shorts,142875
2024-05-24,Shorts,88289
2024-05-25,Shorts,68106
2024-05-26,Shorts,54083
2024-05-27,Shorts,43177
2024-05-28,Shorts,222718
2024-05-29,Shorts,252577
2024-05-30,Shorts,195329
2024-05-31,Shorts,143044
2024-06-01,Shorts,146244
2024-06-02,Shorts,115601
2024-06-03,Shorts,92219
2024-06-04,Shorts,72126
2024-06-05,Shorts,129346
2024-06-06,Shorts,109602
2024-06-07,Shorts,80792
2024-06-08,Shorts,219781
2024-06-09,Shorts,164046
2024-06-10,Shorts,205544
2024-06-11,Shorts,131796
2024-06-12,Shorts,151125
2024-06-13,Shorts,315039
2024-06-14,Shorts,326531
2024-06-15,Shorts,268272
2024-06-16,Shorts,237040
2024-06-17,Shorts,225868
2024-06-18,Shorts,200047
2024-06-19,Shorts,189087
2024-06-20,Shorts,159703
2024-06-21,Shorts,120081
2024-06-22,Shorts,123166
2024-06-23,Shorts,135757
2024-06-24,Shorts,146055
2024-06-25,Shorts,202926
2024-06-26,Shorts,223121
2024-06-27,Shorts,303393
2024-06-28,Shorts,229224
2024-06-29,Shorts,245591
2024-06-30,Shorts,225225
2024-07-01,Shorts,192254
2024-07-02,Shorts,153048
2024-07-03,Shorts,210367
2024-07-04,Shorts,189358
2024-07-05,Shorts,154340
2024-07-06,Shorts,186741
2024-07-07,Shorts,234968
2024-07-08,Shorts,274243
2024-07-09,Shorts,319844
2024-07-10,Shorts,311322
2024-07-11,Shorts,307098
2024-07-12,Shorts,183471
2024-07-13,Shorts,168010
2024-07-14,Shorts,173723
2024-07-15,Shorts,222072
2024-07-16,Shorts,231970
2024-07-17,Shorts,263337
2024-07-18,Shorts,307314
2024-07-19,Shorts,194884
2024-07-20,Shorts,245504
2024-07-21,Shorts,250001
2024-07-22,Shorts,222721
2024-07-23,Shorts,208953
2024-07-24,Shorts,186610
2024-07-25,Shorts,158026
2024-07-26,Shorts,100806
2024-07-27,Shorts,104069
2024-07-28,Shorts,147831
2024-07-29,Shorts,150752
2024-07-30,Shorts,206653
2024-07-31,Shorts,198972
2024-08-01,Shorts,124379
2024-08-02,Shorts,87456
2024-08-03,Shorts,80427
2024-08-04,Shorts,237718
2024-08-05,Shorts,324011
2024-08-06,Shorts,333125
2024-08-07,Shorts,238562
2024-08-08,Shorts,217354
2024-08-09,Shorts,139647
2024-08-10,Shorts,255782
2024-08-11,Shorts,200151
2024-08-12,Shorts,259615
2024-08-13,Shorts,243327
2024-08-14,Shorts,144221
2024-08-15,Shorts,114627
2024-08-16,Shorts,78220
2024-08-17,Shorts,91900
2024-08-18,Shorts,108891
2024-08-19,Shorts,88151
2024-08-20,Shorts,111288
2024-08-21,Shorts,83426
2024-08-22,Shorts,82843
2024-08-23,Shorts,91631
2024-08-24,Shorts,186937
2024-08-25,Shorts,168050
2024-08-26,Shorts,103794
2024-08-27,Shorts,131135
2024-08-28,Shorts,140444
2024-08-29,Shorts,125295
2024-08-30,Shorts,90156
2024-08-31,Shorts,91365
2024-09-01,Shorts,118100
2024-09-02,Shorts,68968
2024-09-03,Shorts,72624
2024-09-04,Shorts,63501
2024-09-05,Shorts,85695
2024-09-06,Shorts,73878
2024-09-07,Shorts,94106
2024-09-08,Shorts,129338
2024-09-09,Shorts,128027
2024-09-10,Shorts,121364
2024-09-11,Shorts,179105
2024-09-12,Shorts,183201
2024-09-13,Shorts,161550
2024-09-14,Shorts,216114
2024-09-15,Shorts,232702
2024-09-16,Shorts,173632
2024-09-17,Shorts,248504
2024-09-18,Shorts,238948
2024-09-19,Shorts,199045
2024-09-20,Shorts,109589
2024-09-21,Shorts,112799
2024-09-22,Shorts,126154
2024-09-23,Shorts,86252
2024-09-24,Shorts,97786
2024-09-25,Shorts,111446
2024-09-26,Shorts,88851
2024-09-27,Shorts,85288
2024-09-28,Shorts,337051
2024-09-29,Shorts,181206
2024-09-30,Shorts,172858
2024-10-01,Shorts,137577
2024-10-02,Shorts,89083
2024-10-03,Shorts,60937
2024-10-04,Shorts,47815
2024-10-05,Shorts,124321
2024-10-06,Shorts,105749
2024-10-07,Shorts,225645
2024-10-08,Shorts,121992
2024-10-09,Shorts,115840
2024-10-10,Shorts,151951
2024-10-11,Shorts,133149
2024-10-12,Shorts,154488
2024-10-13,Shorts,138759
2024-10-14,Shorts,228962
2024-10-15,Shorts,178978
2024-10-16,Shorts,124087
2024-10-17,Shorts,142279
2024-10-18,Shorts,83369
2024-10-19,Shorts,97753
2024-10-20,Shorts,117133
2024-10-21,Shorts,88350
2024-10-22,Shorts,87874
2024-10-23,Shorts,54091
2024-10-24,Shorts,91834
2024-10-25,Shorts,55713
2024-10-26,Shorts,128642
2024-10-27,Shorts,119648
2024-10-28,Shorts,90265
2024-10-29,Shorts,88423
2024-10-30,Shorts,137204
2024-10-31,Shorts,150431
2024-11-01,Shorts,102964
2024-11-02,Shorts,140440
2024-11-03,Shorts,117936
2024-11-04,Shorts,100218
2024-11-05,Shorts,137667
2024-11-06,Shorts,153905
2024-11-07,Shorts,114875
2024-11-08,Shorts,73592
2024-11-09,Shorts,81422
2024-11-10,Shorts,92226
2024-11-11,Shorts,69072
2024-11-12,Shorts,143421
2024-11-13,Shorts,108862
2024-11-14,Shorts,131711
2024-11-15,Shorts,68336
2024-11-16,Shorts,72274
2024-11-17,Shorts,66643
2024-11-18,Shorts,102994
2024-11-19,Shorts,75108
2024-11-20,Shorts,87771
2024-11-21,Shorts,66431
2024-11-22,Shorts,40143
2024-11-23,Shorts,62886
2024-11-24,Shorts,122534
2024-11-25,Shorts,127981
2024-11-26,Shorts,173597
2024-11-27,Shorts,138494
2024-11-28,Shorts,110979
2024-11-29,Shorts,63763
2024-11-30,Shorts,85758
2024-12-01,Shorts,80621
2024-12-02,Shorts,80182
2024-12-03,Shorts,75107
2024-12-04,Shorts,74629
2024-12-05,Shorts,66593
2024-12-06,Shorts,48542
2024-12-07,Shorts,50743
2024-12-08,Shorts,64751
2024-12-09,Shorts,43901
2024-12-10,Shorts,39785
2024-12-11,Shorts,33776
2024-12-12,Shorts,59047
2024-12-13,Shorts,28728
2024-12-14,Shorts,42872
2024-12-15,Shorts,36298
2024-12-16,Shorts,38800
2024-12-17,Shorts,26528
2024-12-18,Shorts,22089
2024-12-19,Shorts,56793
2024-12-20,Shorts,32245
2024-12-21,Shorts,109261
2024-12-22,Shorts,85309
2024-12-23,Shorts,86184
2024-12-24,Shorts,75760
2024-12-25,Shorts,66845
2024-12-26,Shorts,85031
2024-12-27,Shorts,40267
2024-12-28,Shorts,49476
2024-12-29,Shorts,48147
2024-12-30,Shorts,70231
2024-12-31,Shorts,49071
2025-01-01,Shorts,57498
2025-01-02,Shorts,55117
2025-01-03,Shorts,31972
2025-01-04,Shorts,60222
2025-01-05,Shorts,48315
2025-01-06,Shorts,31720
2025-01-07,Shorts,44508
2025-01-08,Shorts,30034
2025-01-09,Shorts,30091
2025-01-10,Shorts,16734
2025-01-11,Shorts,53674
2025-01-12,Shorts,52187
2025-01-13,Shorts,48683
2025-01-14,Shorts,53660
2025-01-15,Shorts,49319
2025-01-16,Shorts,40047
2025-01-17,Shorts,29859
2025-01-18,Shorts,112765
2025-01-19,Shorts,174247
2025-01-20,Shorts,184706
2025-01-21,Shorts,122680
2025-01-22,Shorts,78459
2025-01-23,Shorts,85244
2025-01-24,Shorts,84219
2025-01-25,Shorts,247906
2025-01-26,Shorts,226456
2025-01-27,Shorts,165605
2025-01-28,Shorts,226475
2025-01-29,Shorts,148144
2025-01-30,Shorts,397979
2025-01-31,Shorts,182848
2025-02-01,Shorts,248295
2025-02-02,Shorts,165188
2025-02-03,Shorts,117747
2025-02-04,Shorts,219815
2025-02-05,Shorts,293797
2025-02-06,Shorts,278790
2025-02-07,Shorts,161948
2025-02-08,Shorts,169908
2025-02-09,Shorts,167816
2025-02-10,Shorts,122891
2025-02-11,Shorts,146653
2025-02-12,Shorts,139948
2025-02-13,Shorts,167945
2025-02-14,Shorts,137669
2025-02-15,Shorts,307665
2025-02-16,Shorts,371173
2025-02-17,Shorts,337607
2025-02-18,Shorts,325963
2025-02-19,Shorts,263233
2025-02-20,Shorts,411933
2025-02-21,Shorts,295812
2025-02-22,Shorts,542990
2025-02-23,Shorts,376622
2025-02-24,Shorts,259716
2025-02-25,Shorts,253398
2025-02-26,Shorts,187890
2025-02-27,Shorts,163405
2025-02-28,Shorts,130169
2025-03-01,Shorts,171343
2025-03-02,Shorts,129403
2025-03-03,Shorts,113439
2025-03-04,Shorts,107419
2025-03-05,Shorts,70040
2025-03-06,Shorts,95708
2025-03-07,Shorts,62510
2025-03-08,Shorts,79894
2025-03-09,Shorts,90343
2025-03-10,Shorts,98569
2025-03-11,Shorts,76551
2025-03-12,Shorts,66550
2025-03-13,Shorts,66459
2025-03-14,Shorts,34248
2025-03-15,Shorts,39066
2025-03-16,Shorts,35009
2025-03-17,Shorts,26794
2025-03-18,Shorts,51646
2025-03-19,Shorts,30411
2025-03-20,Shorts,99483
2025-03-21,Shorts,83974
2025-03-22,Shorts,151111
2025-03-23,Shorts,155287
2025-03-24,Shorts,151827
2025-03-25,Shorts,109787
2025-03-26,Shorts,78056
2025-03-27,Shorts,82137
2025-03-28,Shorts,50576
2025-03-29,Shorts,49087
2025-03-30,Shorts,65099
2025-03-31,Shorts,82547
2025-04-01,Shorts,109553
2025-04-02,Shorts,113037
2025-04-03,Shorts,79852
2025-04-04,Shorts,147188
2025-04-05,Shorts,183486
2025-04-06,Shorts,259589
2025-04-07,Shorts,232237
2025-04-08,Shorts,217199
2025-04-09,Shorts,180248
2025-04-10,Shorts,120983
2025-04-11,Shorts,56877
2025-04-12,Shorts,29482
2025-04-13,Shorts,57435
2025-04-14,Shorts,88648
2025-04-15,Shorts,55875
2025-04-16,Shorts,96276
2025-04-17,Shorts,43958
2025-04-18,Shorts,51942
2025-04-19,Shorts,37582
2025-04-20,Shorts,46344
2025-04-21,Shorts,67321
2025-04-22,Shorts,98845
2025-04-23,Shorts,224288
2025-04-24,Shorts,408228
2025-04-25,Shorts,221145
2025-04-26,Shorts,260205
2025-04-27,Shorts,304010
2025-04-28,Shorts,263274
2025-04-29,Shorts,465543
2025-04-30,Shorts,654485
2025-05-01,Shorts,514262
2025-05-02,Shorts,326078
2025-05-03,Shorts,343991
2025-05-04,Shorts,535370
2025-05-05,Shorts,421117
2025-05-06,Shorts,472209
2025-05-07,Shorts,414850
2025-05-08,Shorts,279488
2025-05-09,Shorts,203207
2025-05-10,Shorts,130457
2025-05-11,Shorts,203986
2025-05-12,Shorts,404197
2025-05-13,Shorts,312506
2025-05-14,Shorts,233961
2025-05-15,Shorts,500389
2025-05-16,Shorts,502720
2025-05-17,Shorts,825592
2025-05-18,Shorts,978823
2025-05-19,Shorts,617524
2025-05-20,Shorts,370932
2025-05-21,Shorts,258110
2025-05-22,Shorts,276041
2025-05-23,Shorts,141311
2025-05-24,Shorts,117958
2025-05-25,Shorts,130114
2025-05-26,Shorts,184699
2025-05-27,Shorts,301333
2025-05-28,Shorts,228030
2025-05-29,Shorts,228703
2025-05-30,Shorts,176407
2025-05-31,Shorts,184298
2025-06-01,Shorts,265779
2025-06-02,Shorts,210267
2025-06-03,Shorts,226830
2025-06-04,Shorts,272388
2025-06-05,Shorts,437972
2025-06-06,Shorts,376803
2025-06-07,Shorts,350509
2025-06-08,Shorts,330513
2025-06-09,Shorts,426820
2025-06-10,Shorts,712111
2025-06-11,Shorts,486806
2025-06-12,Shorts,530016
2025-06-13,Shorts,508647
2025-06-14,Shorts,997078
2025-06-15,Shorts,1188052
2025-06-16,Shorts,689555
2025-06-17,Shorts,660068
2025-06-18,Shorts,702887
2025-06-19,Shorts,1059096
2025-06-20,Shorts,533526
2025-06-21,Shorts,701669
2025-06-22,Shorts,690020
2025-06-23,Shorts,661975
2025-06-24,Shorts,787801
2025-06-25,Shorts,542645
2025-06-26,Shorts,549399
2025-06-27,Shorts,283336
2025-06-28,Shorts,233915
2025-06-29,Shorts,170323
2025-06-30,Shorts,226975
2025-07-01,Shorts,188471
2025-07-02,Shorts,213880
2025-07-03,Shorts,315002
2025-07-04,Shorts,177253
2025-07-05,Shorts,131809
2025-07-06,Shorts,176083
2025-07-07,Shorts,221147
2025-07-08,Shorts,281952
2025-07-09,Shorts,200712
2025-07-10,Shorts,417151
2025-07-11,Shorts,198727
2025-07-12,Shorts,174491
2025-07-13,Shorts,172167
2025-07-14,Shorts,172908
2025-07-15,Shorts,212375
2025-07-16,Shorts,454954
2025-07-17,Shorts,313642
2025-07-18,Shorts,243191
2025-07-19,Shorts,322485
2025-07-20,Shorts,378078
2025-07-21,Shorts,470479
2025-07-22,Shorts,424394
2025-07-23,Shorts,288143
2025-07-24,Shorts,230562
2025-07-25,Shorts,147729
2025-07-26,Shorts,216313
2025-07-27,Shorts,264598
2025-07-28,Shorts,373134
2025-07-29,Shorts,263968
2025-07-30,Shorts,145208
2025-07-31,Shorts,257773
2025-08-01,Shorts,208144
2025-08-02,Shorts,322822
2025-08-03,Shorts,462303
2025-08-04,Shorts,355124
2025-08-05,Shorts,327814
2025-08-06,Shorts,228808
2025-08-07,Shorts,382680
2025-08-08,Shorts,246238
2025-08-09,Shorts,223043
2025-08-10,Shorts,268003
2025-08-11,Shorts,288757
2025-08-12,Shorts,265267
2025-08-13,Shorts,343310
2025-08-14,Shorts,436967
2025-08-15,Shorts,296930
2025-08-16,Shorts,286128
2025-08-17,Shorts,245326
2025-08-18,Shorts,247217
2025-08-19,Shorts,330960
2025-08-20,Shorts,518021
2025-08-21,Shorts,609160
2025-08-22,Shorts,378104
2025-08-23,Shorts,426875
2025-08-24,Shorts,306632
2025-08-25,Shorts,232158
2025-08-26,Shorts,386523
2025-08-27,Shorts,256085
2025-08-28,Shorts,265715
2025-08-29,Shorts,148632
2025-08-30,Shorts,117386
2025-08-31,Shorts,136039
2025-09-01,Shorts,359473
2025-09-02,Shorts,177720
2025-09-03,Shorts,121534
2025-09-04,Shorts,261678
2025-09-05,Shorts,138883
2025-09-06,Shorts,163498
2025-09-07,Shorts,141270
2025-09-08,Shorts,561451
2025-09-09,Shorts,310882
2025-09-10,Shorts,453017
2025-09-11,Shorts,480231
2025-09-12,Shorts,198641
2025-09-13,Shorts,154673
2025-09-14,Shorts,135869
2025-09-15,Shorts,103548
2025-09-16,Shorts,128875
2025-09-17,Shorts,163883
2025-09-18,Shorts,177872
2025-09-19,Shorts,177917
2025-09-20,Shorts,240767
2025-09-21,Shorts,294192
2025-09-22,Shorts,168788
2025-09-23,Shorts,73249
2025-09-24,Shorts,282747
2025-09-25,Shorts,543164
2025-09-26,Shorts,402468
2025-09-27,Shorts,253372
2025-09-28,Shorts,257243
2025-09-29,Shorts,317735
2025-09-30,Shorts,406403
2025-10-01,Shorts,186152
2025-10-02,Shorts,183974
2025-10-03,Shorts,139028
2025-10-04,Shorts,176342
2025-10-05,Shorts,150841
2025-10-06,Shorts,76535
2025-10-07,Shorts,340667
2025-10-08,Shorts,298099
2025-10-09,Shorts,361871
2025-10-10,Shorts,158211
2025-10-11,Shorts,167655
2025-10-12,Shorts,312237
2025-10-13,Shorts,821180
2025-10-14,Shorts,1359832
2025-10-15,Shorts,1382922
2025-10-16,Shorts,1073906
2025-10-17,Shorts,694698
2025-10-18,Shorts,730745
2025-10-19,Shorts,668984
2025-10-20,Shorts,825090
2025-10-21,Shorts,627434
2025-10-22,Shorts,443834
2025-10-23,Shorts,454740
2025-10-24,Shorts,191595
2025-10-25,Shorts,274824
2025-10-26,Shorts,317079
2025-10-27,Shorts,336369
2025-10-28,Shorts,301410
2025-10-29,Shorts,356043
2025-10-30,Shorts,470992
2025-10-31,Shorts,215189
2025-11-01,Shorts,280540
2025-11-02,Shorts,235084
2025-11-03,Shorts,162107
2025-11-04,Shorts,115165
2025-11-05,Shorts,98477
2025-11-06,Shorts,92616
2025-11-07,Shorts,54286
2025-11-08,Shorts,198891
2025-11-09,Shorts,231204
2025-11-10,Shorts,263552
2025-11-11,Shorts,197431
2025-11-12,Shorts,221810
2025-11-13,Shorts,234504
2025-11-14,Shorts,234462
2025-11-15,Shorts,351499
2025-11-16,Shorts,290995
2025-11-17,Shorts,212294
2025-11-18,Shorts,190525
2025-11-19,Shorts,249380
2025-11-20,Shorts,206820
2025-11-21,Shorts,120691
2025-11-22,Shorts,184116
2025-11-23,Shorts,138719
2025-11-24,Shorts,85296
2025-11-25,Shorts,57447
2025-11-26,Shorts,53655
2025-11-27,Shorts,322396
2025-11-28,Shorts,210283
2025-11-29,Shorts,385959
2025-11-30,Shorts,331421
2025-12-01,Shorts,187671
2025-12-02,Shorts,143262
2025-12-03,Shorts,103315
2025-12-04,Shorts,133293
2025-12-05,Shorts,105061
2025-12-06,Shorts,460914
2025-12-07,Shorts,609653
2025-12-08,Shorts,359835
2025-12-09,Shorts,462641
2025-12-10,Shorts,370192
2025-12-11,Shorts,354982
2025-12-12,Shorts,237342
2025-12-13,Shorts,193308
2025-12-14,Shorts,443674
2025-12-15,Shorts,363074
2025-12-16,Shorts,371328
2025-12-17,Shorts,182543
2025-12-18,Shorts,116265
2025-12-19,Shorts,47635
2025-12-20,Shorts,105851
2025-12-21,Shorts,294819
2025-12-22,Shorts,225899
2025-12-23,Shorts,198125
2025-12-24,Shorts,144560
2025-12-25,Shorts,285842
2025-12-26,Shorts,268690
2025-12-27,Shorts,425564
2025-12-28,Shorts,338252
2025-12-29,Shorts,367081
2025-12-30,Shorts,277943
2025-12-31,Shorts,345412
2026-01-01,Shorts,242843
2026-01-02,Shorts,208110
2026-01-03,Shorts,214490
2026-01-04,Shorts,391941
2026-01-05,Shorts,283375
2026-01-06,Shorts,254179
2026-01-07,Shorts,162333
2026-01-08,Shorts,150264
2026-01-09,Shorts,79103
2026-01-10,Shorts,94745
2026-01-11,Shorts,81323
2026-01-12,Shorts,180156
2026-01-13,Shorts,131315
2026-01-14,Shorts,98527
2026-01-15,Shorts,114004
2026-01-16,Shorts,84547
2026-01-17,Shorts,89644
2026-01-18,Shorts,124198
2026-01-19,Shorts,123270
2026-01-20,Shorts,188718
2026-01-21,Shorts,304490
2026-01-22,Shorts,118982
2026-01-23,Shorts,60657
2026-01-24,Shorts,76834
2026-01-25,Shorts,140697
2026-01-26,Shorts,153453
2026-01-27,Shorts,120876
2026-01-28,Shorts,152979
2026-01-29,Shorts,291149
2026-01-30,Shorts,239492
2026-01-31,Shorts,389785
2026-02-01,Shorts,288495
2026-02-02,Shorts,346777
2026-02-03,Shorts,366613
2026-02-04,Shorts,256035
2026-02-05,Shorts,156793
2026-02-06,Shorts,71121
2026-02-07,Shorts,73973
2026-02-08,Shorts,55803
2026-02-09,Shorts,63951
2026-02-10,Shorts,44153
2026-02-11,Shorts,100982
2026-02-12,Shorts,325143
2026-02-13,Shorts,256258
2026-02-14,Shorts,368372
2026-02-15,Shorts,455564
2026-02-16,Shorts,355629
2026-02-17,Shorts,564337
2026-02-18,Shorts,583400
2026-02-19,Shorts,422762
2026-02-20,Shorts,159689
2026-02-21,Shorts,152789
2026-02-22,Shorts,131182
2026-02-23,Shorts,176033
2026-02-24,Shorts,228602
2026-02-25,Shorts,185691
2026-02-26,Shorts,171707
2026-02-27,Shorts,166202
2026-02-28,Shorts,523124
2026-03-01,Shorts,309526
2026-03-02,Shorts,481155
2026-03-03,Shorts,527637
2026-03-04,Shorts,673234
2026-03-05,Shorts,545423
2026-03-06,Shorts,392149
2026-03-07,Shorts,569386
2026-03-08,Shorts,447617
2026-03-09,Shorts,670191
2026-03-10,Shorts,811980
2026-03-11,Shorts,761517
2026-03-12,Shorts,634018
2026-03-13,Shorts,359796
2026-03-14,Shorts,411564
2026-03-15,Shorts,644350
2026-03-16,Shorts,835114
2026-03-17,Shorts,557551
2026-03-18,Shorts,512859
2026-03-19,Shorts,398641
2026-03-20,Shorts,176858
2026-03-21,Shorts,387641
2026-03-22,Shorts,389648
2026-03-23,Shorts,294358
2026-03-24,Shorts,434604
2026-03-25,Shorts,1262002
2026-03-26,Shorts,856582
2026-03-27,Shorts,507254
2026-03-28,Shorts,839813
2026-03-29,Shorts,904106
2026-03-30,Shorts,548529
2026-03-31,Shorts,787448
2026-04-01,Shorts,380721
2026-04-02,Shorts,390299
2026-04-03,Shorts,290998
2026-04-04,Shorts,466886
2026-04-05,Shorts,472194
2026-04-06,Shorts,394313
2026-04-07,Shorts,255223
2026-04-08,Shorts,252411
2026-04-09,Shorts,278489
2026-04-10,Shorts,156315
2026-04-11,Shorts,169367
2026-04-12,Shorts,113615
2026-04-13,Shorts,133249
2026-04-14,Shorts,194428
2026-04-15,Shorts,160915
2026-04-16,Shorts,262300
2026-04-17,Shorts,185733
2026-04-18,Shorts,142891
2026-04-19,Shorts,139730
2026-04-20,Shorts,147561
2026-04-21,Shorts,293540
2026-04-22,Shorts,186660
2026-04-23,Shorts,115001
2026-04-24,Shorts,320788
2026-04-25,Shorts,308864
2026-04-26,Shorts,308468
2026-04-27,Shorts,568679
2026-04-28,Shorts,268824
2026-04-29,Shorts,543327
2026-04-30,Shorts,385132
2026-05-01,Shorts,430930
2026-05-02,Shorts,567705
2026-05-03,Shorts,403763
2026-05-04,Shorts,593839
2026-05-05,Shorts,383367
2026-05-06,Shorts,270648
2026-05-07,Shorts,248461
2026-05-08,Shorts,141623
2026-05-09,Shorts,133709
2026-05-10,Shorts,184220
2026-05-11,Shorts,178632
2026-05-12,Shorts,129889
2026-05-13,Shorts,155214
2026-05-14,Shorts,85740
2026-05-15,Shorts,66783
2026-05-16,Shorts,549884
2026-05-17,Shorts,677620
2026-05-18,Shorts,437562
2026-05-19,Shorts,228265
2026-05-20,Shorts,112787
2026-05-21,Shorts,49717
2026-05-22,Shorts,26871
2026-05-23,Shorts,155627
2026-05-24,Shorts,161605
2026-05-25,Shorts,180820
2026-05-26,Shorts,178797
2026-05-27,Shorts,157730
2026-05-28,Shorts,333637
2026-05-29,Shorts,343997
2026-05-30,Shorts,408958
2026-05-31,Shorts,568440
2026-06-01,Shorts,333102
2026-06-02,Shorts,300412
2026-06-03,Shorts,244880
2026-06-04,Shorts,213360
2026-06-05,Shorts,145601
2026-06-06,Shorts,161905
2026-06-07,Shorts,231315
2026-06-08,Shorts,335339
2026-06-09,Shorts,406444
2026-06-10,Shorts,268726
2026-06-11,Shorts,481131
2026-06-12,Shorts,612015
2026-06-13,Shorts,652133
2026-06-14,Shorts,808873
2026-06-15,Shorts,704438
2026-06-16,Shorts,434018
2026-06-17,Shorts,391943
2026-06-18,Shorts,318679
2026-06-19,Shorts,193725
2026-06-20,Shorts,257415
2026-06-21,Shorts,335194
2026-06-22,Shorts,216471
2026-06-23,Shorts,139708
2026-06-24,Shorts,116958
2026-06-25,Shorts,106015
2026-06-26,Shorts,70408
2026-06-27,Shorts,68862
2026-06-28,Shorts,286101
2026-06-29,Shorts,378818
2026-06-30,Shorts,288293
2026-07-01,Shorts,148882
2026-07-02,Shorts,130690
2026-07-03,Shorts,52545
2026-07-04,Shorts,85584
2026-07-05,Shorts,138782
2026-07-06,Shorts,239028
2026-07-07,Shorts,286184
2026-07-08,Shorts,411112
2026-07-09,Shorts,237143
2026-07-10,Shorts,95837
2026-07-11,Shorts,226525
2026-07-12,Shorts,253522
2026-07-13,Shorts,263408
2026-07-14,Shorts,296136
2026-07-15,Shorts,370609
2026-07-16,Shorts,313667
2026-07-17,Shorts,108158
2026-07-18,Shorts,257745
2026-07-19,Shorts,428710
2026-07-20,Shorts,297218
2026-07-21,Shorts,203795
2026-07-22,Shorts,448991
2026-07-23,Shorts,469371
2026-07-24,Shorts,642879
2026-07-25,Shorts,344319
2026-07-26,Shorts,510787
2026-07-27,Shorts,432463
2026-07-28,Shorts,416994
2026-07-29,Shorts,284494
2026-07-30,Shorts,332032
2026-07-31,Shorts,199641
2026-08-01,Shorts,239686
2026-08-02,Shorts,274502
2026-08-03,Shorts,274960
2026-08-04,Shorts,345205
2026-08-05,Shorts,199643
2026-08-06,Shorts,199854
2026-08-07,Shorts,278181
2026-08-08,Shorts,197987
2026-08-09,Shorts,157640
2026-08-10,Shorts,148863
2024-01-01,Videos,679846
2024-01-02,Videos,581482
2024-01-03,Videos,553934
2024-01-04,Videos,575511
2024-01-05,Videos,425762
2024-01-06,Videos,610606
2024-01-07,Videos,452610
2024-01-08,Videos,481933
2024-01-09,Videos,525140
2024-01-10,Videos,437738
2024-01-11,Videos,417737
2024-01-12,Videos,374336
2024-01-13,Videos,618624
2024-01-14,Videos,586872
2024-01-15,Videos,520476
2024-01-16,Videos,456640
2024-01-17,Videos,471599
2024-01-18,Videos,450900
2024-01-19,Videos,444159
2024-01-20,Videos,543740
2024-01-21,Videos,510418
2024-01-22,Videos,458179
2024-01-23,Videos,514827
2024-01-24,Videos,521314
2024-01-25,Videos,624070
2024-01-26,Videos,497338
2024-01-27,Videos,691874
2024-01-28,Videos,527306
2024-01-29,Videos,591891
2024-01-30,Videos,601664
2024-01-31,Videos,549086
2024-02-01,Videos,485185
2024-02-02,Videos,364329
2024-02-03,Videos,528513
2024-02-04,Videos,486162
2024-02-05,Videos,545829
2024-02-06,Videos,483114
2024-02-07,Videos,443581
2024-02-08,Videos,507051
2024-02-09,Videos,440705
2024-02-10,Videos,521464
2024-02-11,Videos,507313
2024-02-12,Videos,583650
2024-02-13,Videos,518104
2024-02-14,Videos,547895
2024-02-15,Videos,528062
2024-02-16,Videos,435761
2024-02-17,Videos,639627
2024-02-18,Videos,504211
2024-02-19,Videos,588544
2024-02-20,Videos,611845
2024-02-21,Videos,557448
2024-02-22,Videos,483681
2024-02-23,Videos,417705
2024-02-24,Videos,485395
2024-02-25,Videos,557228
2024-02-26,Videos,526563
2024-02-27,Videos,523330
2024-02-28,Videos,525976
2024-02-29,Videos,558431
2024-03-01,Videos,429135
2024-03-02,Videos,554352
2024-03-03,Videos,546206
2024-03-04,Videos,579079
2024-03-05,Videos,542911
2024-03-06,Videos,552739
2024-03-07,Videos,502378
2024-03-08,Videos,363480
2024-03-09,Videos,509063
2024-03-10,Videos,523496
2024-03-11,Videos,521782
2024-03-12,Videos,527524
2024-03-13,Videos,555491
2024-03-14,Videos,477204
2024-03-15,Videos,390533
2024-03-16,Videos,524636
2024-03-17,Videos,473340
2024-03-18,Videos,430817
2024-03-19,Videos,425685
2024-03-20,Videos,425649
2024-03-21,Videos,490281
2024-03-22,Videos,384525
2024-03-23,Videos,604174
2024-03-24,Videos,643301
2024-03-25,Videos,558267
2024-03-26,Videos,522709
2024-03-27,Videos,492801
2024-03-28,Videos,487403
2024-03-29,Videos,406372
2024-03-30,Videos,512184
2024-03-31,Videos,511563
2024-04-01,Videos,527546
2024-04-02,Videos,445674
2024-04-03,Videos,459282
2024-04-04,Videos,525723
2024-04-05,Videos,412482
2024-04-06,Videos,462854
2024-04-07,Videos,397834
2024-04-08,Videos,433685
2024-04-09,Videos,471592
2024-04-10,Videos,522000
2024-04-11,Videos,446385
2024-04-12,Videos,437917
2024-04-13,Videos,536984
2024-04-14,Videos,568168
2024-04-15,Videos,503180
2024-04-16,Videos,433504
2024-04-17,Videos,482589
2024-04-18,Videos,410267
2024-04-19,Videos,357646
2024-04-20,Videos,528983
2024-04-21,Videos,482410
2024-04-22,Videos,352635
2024-04-23,Videos,498594
2024-04-24,Videos,554023
2024-04-25,Videos,581240
2024-04-26,Videos,496570
2024-04-27,Videos,579857
2024-04-28,Videos,407223
2024-04-29,Videos,542216
2024-04-30,Videos,527902
2024-05-01,Videos,495407
2024-05-02,Videos,478008
2024-05-03,Videos,406460
2024-05-04,Videos,507588
2024-05-05,Videos,521101
2024-05-06,Videos,468053
2024-05-07,Videos,423323
2024-05-08,Videos,469306
2024-05-09,Videos,490199
2024-05-10,Videos,452190
2024-05-11,Videos,537914
2024-05-12,Videos,491511
2024-05-13,Videos,509945
2024-05-14,Videos,462526
2024-05-15,Videos,474015
2024-05-16,Videos,457467
2024-05-17,Videos,381111
2024-05-18,Videos,462779
2024-05-19,Videos,431833
2024-05-20,Videos,453261
2024-05-21,Videos,375676
2024-05-22,Videos,361236
2024-05-23,Videos,403561
2024-05-24,Videos,353253
2024-05-25,Videos,408884
2024-05-26,Videos,372402
2024-05-27,Videos,458273
2024-05-28,Videos,449427
2024-05-29,Videos,453909
2024-05-30,Videos,456871
2024-05-31,Videos,373303
2024-06-01,Videos,449852
2024-06-02,Videos,454014
2024-06-03,Videos,439491
2024-06-04,Videos,419901
2024-06-05,Videos,412594
2024-06-06,Videos,459309
2024-06-07,Videos,362515
2024-06-08,Videos,662239
2024-06-09,Videos,564231
2024-06-10,Videos,442134
2024-06-11,Videos,362398
2024-06-12,Videos,498074
2024-06-13,Videos,462111
2024-06-14,Videos,345666
2024-06-15,Videos,448900
2024-06-16,Videos,471105
2024-06-17,Videos,446297
2024-06-18,Videos,477185
2024-06-19,Videos,414991
2024-06-20,Videos,395231
2024-06-21,Videos,340863
2024-06-22,Videos,408208
2024-06-23,Videos,376499
2024-06-24,Videos,406635
2024-06-25,Videos,361124
2024-06-26,Videos,351132
2024-06-27,Videos,457122
2024-06-28,Videos,369758
2024-06-29,Videos,402789
2024-06-30,Videos,381174
2024-07-01,Videos,374946
2024-07-02,Videos,373226
2024-07-03,Videos,456527
2024-07-04,Videos,438646
2024-07-05,Videos,368900
2024-07-06,Videos,352838
2024-07-07,Videos,419350
2024-07-08,Videos,430646
2024-07-09,Videos,391256
2024-07-10,Videos,406790
2024-07-11,Videos,356169
2024-07-12,Videos,340570
2024-07-13,Videos,450477
2024-07-14,Videos,447198
2024-07-15,Videos,408836
2024-07-16,Videos,420160
2024-07-17,Videos,405767
2024-07-18,Videos,372363
2024-07-19,Videos,323608
2024-07-20,Videos,427858
2024-07-21,Videos,382237
2024-07-22,Videos,360494
2024-07-23,Videos,378176
2024-07-24,Videos,358085
2024-07-25,Videos,393116
2024-07-26,Videos,327241
2024-07-27,Videos,373884
2024-07-28,Videos,434780
2024-07-29,Videos,410052
2024-07-30,Videos,337086
2024-07-31,Videos,407371
2024-08-01,Videos,436298
2024-08-02,Videos,331613
2024-08-03,Videos,390253
2024-08-04,Videos,447669
2024-08-05,Videos,499350
2024-08-06,Videos,481042
2024-08-07,Videos,439463
2024-08-08,Videos,381673
2024-08-09,Videos,305759
2024-08-10,Videos,383542
2024-08-11,Videos,393138
2024-08-12,Videos,435430
2024-08-13,Videos,499630
2024-08-14,Videos,391279
2024-08-15,Videos,426178
2024-08-16,Videos,341276
2024-08-17,Videos,388255
2024-08-18,Videos,452364
2024-08-19,Videos,451673
2024-08-20,Videos,392154
2024-08-21,Videos,378863
2024-08-22,Videos,406778
2024-08-23,Videos,328187
2024-08-24,Videos,389176
2024-08-25,Videos,359874
2024-08-26,Videos,355350
2024-08-27,Videos,442068
2024-08-28,Videos,408059
2024-08-29,Videos,360375
2024-08-30,Videos,284450
2024-08-31,Videos,374837
2024-09-01,Videos,329383
2024-09-02,Videos,354689
2024-09-03,Videos,349133
2024-09-04,Videos,302208
2024-09-05,Videos,304791
2024-09-06,Videos,284643
2024-09-07,Videos,375191
2024-09-08,Videos,335444
2024-09-09,Videos,383899
2024-09-10,Videos,407288
2024-09-11,Videos,369227
2024-09-12,Videos,368047
2024-09-13,Videos,304925
2024-09-14,Videos,357596
2024-09-15,Videos,326889
2024-09-16,Videos,349749
2024-09-17,Videos,433970
2024-09-18,Videos,433577
2024-09-19,Videos,550620
2024-09-20,Videos,391987
2024-09-21,Videos,365439
2024-09-22,Videos,325422
2024-09-23,Videos,308384
2024-09-24,Videos,332677
2024-09-25,Videos,394686
2024-09-26,Videos,448977
2024-09-27,Videos,327784
2024-09-28,Videos,461067
2024-09-29,Videos,455387
2024-09-30,Videos,312201
2024-10-01,Videos,248410
2024-10-02,Videos,255886
2024-10-03,Videos,293772
2024-10-04,Videos,323910
2024-10-05,Videos,586089
2024-10-06,Videos,513313
2024-10-07,Videos,445619
2024-10-08,Videos,436419
2024-10-09,Videos,443341
2024-10-10,Videos,366300
2024-10-11,Videos,269561
2024-10-12,Videos,370157
2024-10-13,Videos,378632
2024-10-14,Videos,415170
2024-10-15,Videos,403451
2024-10-16,Videos,324000
2024-10-17,Videos,650348
2024-10-18,Videos,541517
2024-10-19,Videos,581889
2024-10-20,Videos,623365
2024-10-21,Videos,573453
2024-10-22,Videos,433381
2024-10-23,Videos,316406
2024-10-24,Videos,374777
2024-10-25,Videos,288131
2024-10-26,Videos,536941
2024-10-27,Videos,468147
2024-10-28,Videos,448646
2024-10-29,Videos,501884
2024-10-30,Videos,454652
2024-10-31,Videos,475097
2024-11-01,Videos,422135
2024-11-02,Videos,590281
2024-11-03,Videos,509549
2024-11-04,Videos,478842
2024-11-05,Videos,346815
2024-11-06,Videos,481021
2024-11-07,Videos,563793
2024-11-08,Videos,392298
2024-11-09,Videos,600967
2024-11-10,Videos,477061
2024-11-11,Videos,436204
2024-11-12,Videos,456291
2024-11-13,Videos,380197
2024-11-14,Videos,380023
2024-11-15,Videos,295952
2024-11-16,Videos,367211
2024-11-17,Videos,416387
2024-11-18,Videos,340519
2024-11-19,Videos,363073
2024-11-20,Videos,319879
2024-11-21,Videos,341368
2024-11-22,Videos,346651
2024-11-23,Videos,438754
2024-11-24,Videos,434370
2024-11-25,Videos,384929
2024-11-26,Videos,393759
2024-11-27,Videos,403683
2024-11-28,Videos,397389
2024-11-29,Videos,270055
2024-11-30,Videos,364738
2024-12-01,Videos,391835
2024-12-02,Videos,408257
2024-12-03,Videos,361988
2024-12-04,Videos,345656
2024-12-05,Videos,358087
2024-12-06,Videos,266873
2024-12-07,Videos,333259
2024-12-08,Videos,401646
2024-12-09,Videos,450320
2024-12-10,Videos,371102
2024-12-11,Videos,386863
2024-12-12,Videos,452712
2024-12-13,Videos,341933
2024-12-14,Videos,473876
2024-12-15,Videos,440034
2024-12-16,Videos,363428
2024-12-17,Videos,351019
2024-12-18,Videos,452650
2024-12-19,Videos,487061
2024-12-20,Videos,385206
2024-12-21,Videos,582617
2024-12-22,Videos,472366
2024-12-23,Videos,442436
2024-12-24,Videos,371480
2024-12-25,Videos,372152
2024-12-26,Videos,416854
2024-12-27,Videos,328480
2024-12-28,Videos,445855
2024-12-29,Videos,471689
2024-12-30,Videos,516043
2024-12-31,Videos,573350
2025-01-01,Videos,510980
2025-01-02,Videos,507588
2025-01-03,Videos,421597
2025-01-04,Videos,732473
2025-01-05,Videos,695198
2025-01-06,Videos,582117
2025-01-07,Videos,537714
2025-01-08,Videos,518460
2025-01-09,Videos,512497
2025-01-10,Videos,376892
2025-01-11,Videos,531047
2025-01-12,Videos,495170
2025-01-13,Videos,497250
2025-01-14,Videos,467056
2025-01-15,Videos,407745
2025-01-16,Videos,374638
2025-01-17,Videos,309035
2025-01-18,Videos,448833
2025-01-19,Videos,566011
2025-01-20,Videos,726938
2025-01-21,Videos,662355
2025-01-22,Videos,579537
2025-01-23,Videos,567930
2025-01-24,Videos,324771
2025-01-25,Videos,612126
2025-01-26,Videos,623869
2025-01-27,Videos,636101
2025-01-28,Videos,539366
2025-01-29,Videos,532401
2025-01-30,Videos,661645
2025-01-31,Videos,435295
2025-02-01,Videos,733895
2025-02-02,Videos,666422
2025-02-03,Videos,533752
2025-02-04,Videos,491607
2025-02-05,Videos,565425
2025-02-06,Videos,622611
2025-02-07,Videos,423053
2025-02-08,Videos,768409
2025-02-09,Videos,612802
2025-02-10,Videos,515551
2025-02-11,Videos,455408
2025-02-12,Videos,508155
2025-02-13,Videos,481609
2025-02-14,Videos,326290
2025-02-15,Videos,477137
2025-02-16,Videos,608142
2025-02-17,Videos,607665
2025-02-18,Videos,628656
2025-02-19,Videos,705383
2025-02-20,Videos,697662
2025-02-21,Videos,461401
2025-02-22,Videos,761229
2025-02-23,Videos,655061
2025-02-24,Videos,583912
2025-02-25,Videos,483134
2025-02-26,Videos,694121
2025-02-27,Videos,627525
2025-02-28,Videos,426420
2025-03-01,Videos,567839
2025-03-02,Videos,591715
2025-03-03,Videos,549319
2025-03-04,Videos,445238
2025-03-05,Videos,474683
2025-03-06,Videos,443320
2025-03-07,Videos,413738
2025-03-08,Videos,599067
2025-03-09,Videos,554994
2025-03-10,Videos,572406
2025-03-11,Videos,530332
2025-03-12,Videos,488526
2025-03-13,Videos,457532
2025-03-14,Videos,336840
2025-03-15,Videos,537892
2025-03-16,Videos,511563
2025-03-17,Videos,509403
2025-03-18,Videos,656366
2025-03-19,Videos,601611
2025-03-20,Videos,531578
2025-03-21,Videos,406563
2025-03-22,Videos,471590
2025-03-23,Videos,519986
2025-03-24,Videos,566885
2025-03-25,Videos,459779
2025-03-26,Videos,434187
2025-03-27,Videos,459241
2025-03-28,Videos,392386
2025-03-29,Videos,516319
2025-03-30,Videos,446436
2025-03-31,Videos,456130
2025-04-01,Videos,545787
2025-04-02,Videos,443780
2025-04-03,Videos,482147
2025-04-04,Videos,397535
2025-04-05,Videos,559623
2025-04-06,Videos,515691
2025-04-07,Videos,476933
2025-04-08,Videos,420308
2025-04-09,Videos,438904
2025-04-10,Videos,391476
2025-04-11,Videos,316588
2025-04-12,Videos,259374
2025-04-13,Videos,393428
2025-04-14,Videos,465537
2025-04-15,Videos,504172
2025-04-16,Videos,583623
2025-04-17,Videos,578279
2025-04-18,Videos,398281
2025-04-19,Videos,437404
2025-04-20,Videos,459280
2025-04-21,Videos,547788
2025-04-22,Videos,679426
2025-04-23,Videos,709858
2025-04-24,Videos,553978
2025-04-25,Videos,391974
2025-04-26,Videos,540280
2025-04-27,Videos,636007
2025-04-28,Videos,505115
2025-04-29,Videos,489999
2025-04-30,Videos,540196
2025-05-01,Videos,457646
2025-05-02,Videos,336825
2025-05-03,Videos,467445
2025-05-04,Videos,560378
2025-05-05,Videos,527928
2025-05-06,Videos,626687
2025-05-07,Videos,576339
2025-05-08,Videos,497638
2025-05-09,Videos,402873
2025-05-10,Videos,480499
2025-05-11,Videos,458865
2025-05-12,Videos,490331
2025-05-13,Videos,493146
2025-05-14,Videos,583277
2025-05-15,Videos,608465
2025-05-16,Videos,474528
2025-05-17,Videos,568249
2025-05-18,Videos,622471
2025-05-19,Videos,575668
2025-05-20,Videos,492683
2025-05-21,Videos,446571
2025-05-22,Videos,449000
2025-05-23,Videos,356123
2025-05-24,Videos,450516
2025-05-25,Videos,515155
2025-05-26,Videos,571515
2025-05-27,Videos,530612
2025-05-28,Videos,465868
2025-05-29,Videos,470311
2025-05-30,Videos,414225
2025-05-31,Videos,452805
2025-06-01,Videos,362373
2025-06-02,Videos,473580
2025-06-03,Videos,493632
2025-06-04,Videos,510783
2025-06-05,Videos,508105
2025-06-06,Videos,395047
2025-06-07,Videos,632967
2025-06-08,Videos,668305
2025-06-09,Videos,719629
2025-06-10,Videos,803902
2025-06-11,Videos,616892
2025-06-12,Videos,586259
2025-06-13,Videos,471583
2025-06-14,Videos,781646
2025-06-15,Videos,674050
2025-06-16,Videos,582335
2025-06-17,Videos,623963
2025-06-18,Videos,479150
2025-06-19,Videos,701537
2025-06-20,Videos,521009
2025-06-21,Videos,670329
2025-06-22,Videos,625710
2025-06-23,Videos,606290
2025-06-24,Videos,541947
2025-06-25,Videos,522347
2025-06-26,Videos,495062
2025-06-27,Videos,458596
2025-06-28,Videos,535191
2025-06-29,Videos,518409
2025-06-30,Videos,526194
2025-07-01,Videos,516632
2025-07-02,Videos,481998
2025-07-03,Videos,536682
2025-07-04,Videos,442477
2025-07-05,Videos,512314
2025-07-06,Videos,617020
2025-07-07,Videos,578745
2025-07-08,Videos,502107
2025-07-09,Videos,495589
2025-07-10,Videos,555293
2025-07-11,Videos,405449
2025-07-12,Videos,491979
2025-07-13,Videos,662145
2025-07-14,Videos,672046
2025-07-15,Videos,649728
2025-07-16,Videos,639130
2025-07-17,Videos,648772
2025-07-18,Videos,511415
2025-07-19,Videos,565901
2025-07-20,Videos,594210
2025-07-21,Videos,572418
2025-07-22,Videos,581516
2025-07-23,Videos,585747
2025-07-24,Videos,577666
2025-07-25,Videos,462505
2025-07-26,Videos,549658
2025-07-27,Videos,589818
2025-07-28,Videos,592287
2025-07-29,Videos,590510
2025-07-30,Videos,564904
2025-07-31,Videos,580271
2025-08-01,Videos,485704
2025-08-02,Videos,809929
2025-08-03,Videos,900511
2025-08-04,Videos,559026
2025-08-05,Videos,558302
2025-08-06,Videos,479991
2025-08-07,Videos,474728
2025-08-08,Videos,379445
2025-08-09,Videos,513178
2025-08-10,Videos,448397
2025-08-11,Videos,476345
2025-08-12,Videos,463187
2025-08-13,Videos,498824
2025-08-14,Videos,473428
2025-08-15,Videos,429994
2025-08-16,Videos,469597
2025-08-17,Videos,441392
2025-08-18,Videos,412708
2025-08-19,Videos,430725
2025-08-20,Videos,457816
2025-08-21,Videos,488529
2025-08-22,Videos,360537
2025-08-23,Videos,505522
2025-08-24,Videos,467221
2025-08-25,Videos,453401
2025-08-26,Videos,421760
2025-08-27,Videos,401274
2025-08-28,Videos,391542
2025-08-29,Videos,345989
2025-08-30,Videos,528355
2025-08-31,Videos,483403
2025-09-01,Videos,494801
2025-09-02,Videos,458572
2025-09-03,Videos,425597
2025-09-04,Videos,450968
2025-09-05,Videos,382754
2025-09-06,Videos,482226
2025-09-07,Videos,430410
2025-09-08,Videos,441440
2025-09-09,Videos,422800
2025-09-10,Videos,418225
2025-09-11,Videos,560535
2025-09-12,Videos,463935
2025-09-13,Videos,567957
2025-09-14,Videos,442727
2025-09-15,Videos,439468
2025-09-16,Videos,417441
2025-09-17,Videos,403601
2025-09-18,Videos,429028
2025-09-19,Videos,377856
2025-09-20,Videos,398100
2025-09-21,Videos,353573
2025-09-22,Videos,248733
2025-09-23,Videos,252881
2025-09-24,Videos,420575
2025-09-25,Videos,483669
2025-09-26,Videos,408853
2025-09-27,Videos,525596
2025-09-28,Videos,472828
2025-09-29,Videos,357492
2025-09-30,Videos,387223
2025-10-01,Videos,320511
2025-10-02,Videos,429101
2025-10-03,Videos,334608
2025-10-04,Videos,413853
2025-10-05,Videos,425681
2025-10-06,Videos,294555
2025-10-07,Videos,372942
2025-10-08,Videos,402104
2025-10-09,Videos,405097
2025-10-10,Videos,322013
2025-10-11,Videos,447504
2025-10-12,Videos,468383
2025-10-13,Videos,332940
2025-10-14,Videos,564122
2025-10-15,Videos,523997
2025-10-16,Videos,499213
2025-10-17,Videos,351113
2025-10-18,Videos,438526
2025-10-19,Videos,473991
2025-10-20,Videos,485878
2025-10-21,Videos,526990
2025-10-22,Videos,466525
2025-10-23,Videos,472965
2025-10-24,Videos,369502
2025-10-25,Videos,466553
2025-10-26,Videos,414322
2025-10-27,Videos,438398
2025-10-28,Videos,413240
2025-10-29,Videos,429490
2025-10-30,Videos,421397
2025-10-31,Videos,356892
2025-11-01,Videos,415726
2025-11-02,Videos,437069
2025-11-03,Videos,423000
2025-11-04,Videos,409880
2025-11-05,Videos,405989
2025-11-06,Videos,395476
2025-11-07,Videos,314674
2025-11-08,Videos,409095
2025-11-09,Videos,372532
2025-11-10,Videos,385560
2025-11-11,Videos,323433
2025-11-12,Videos,360369
2025-11-13,Videos,394675
2025-11-14,Videos,321414
2025-11-15,Videos,461380
2025-11-16,Videos,408131
2025-11-17,Videos,352835
2025-11-18,Videos,351089
2025-11-19,Videos,356206
2025-11-20,Videos,349958
2025-11-21,Videos,274895
2025-11-22,Videos,387078
2025-11-23,Videos,393492
2025-11-24,Videos,343960
2025-11-25,Videos,332059
2025-11-26,Videos,428496
2025-11-27,Videos,406134
2025-11-28,Videos,275575
2025-11-29,Videos,432155
2025-11-30,Videos,378731
2025-12-01,Videos,362944
2025-12-02,Videos,422459
2025-12-03,Videos,370304
2025-12-04,Videos,417021
2025-12-05,Videos,336272
2025-12-06,Videos,457984
2025-12-07,Videos,391533
2025-12-08,Videos,419322
2025-12-09,Videos,476931
2025-12-10,Videos,505895
2025-12-11,Videos,515632
2025-12-12,Videos,348515
2025-12-13,Videos,439534
2025-12-14,Videos,408072
2025-12-15,Videos,399144
2025-12-16,Videos,412361
2025-12-17,Videos,383579
2025-12-18,Videos,348404
2025-12-19,Videos,315335
2025-12-20,Videos,453275
2025-12-21,Videos,403602
2025-12-22,Videos,366814
2025-12-23,Videos,362055
2025-12-24,Videos,403202
2025-12-25,Videos,360109
2025-12-26,Videos,280292
2025-12-27,Videos,416512
2025-12-28,Videos,335293
2025-12-29,Videos,337980
2025-12-30,Videos,357841
2025-12-31,Videos,352632
2026-01-01,Videos,396569
2026-01-02,Videos,307995
2026-01-03,Videos,499623
2026-01-04,Videos,455329
2026-01-05,Videos,407826
2026-01-06,Videos,389840
2026-01-07,Videos,423539
2026-01-08,Videos,469894
2026-01-09,Videos,426893
2026-01-10,Videos,483768
2026-01-11,Videos,457589
2026-01-12,Videos,460328
2026-01-13,Videos,510655
2026-01-14,Videos,456873
2026-01-15,Videos,419133
2026-01-16,Videos,316158
2026-01-17,Videos,438222
2026-01-18,Videos,473833
2026-01-19,Videos,433587
2026-01-20,Videos,454466
2026-01-21,Videos,428358
2026-01-22,Videos,384048
2026-01-23,Videos,282714
2026-01-24,Videos,473254
2026-01-25,Videos,435438
2026-01-26,Videos,434058
2026-01-27,Videos,417473
2026-01-28,Videos,377111
2026-01-29,Videos,351018
2026-01-30,Videos,287280
2026-01-31,Videos,377202
2026-02-01,Videos,352181
2026-02-02,Videos,382729
2026-02-03,Videos,360884
2026-02-04,Videos,379589
2026-02-05,Videos,375244
2026-02-06,Videos,293502
2026-02-07,Videos,376676
2026-02-08,Videos,375078
2026-02-09,Videos,412281
2026-02-10,Videos,441705
2026-02-11,Videos,389074
2026-02-12,Videos,373199
2026-02-13,Videos,277250
2026-02-14,Videos,383468
2026-02-15,Videos,370438
2026-02-16,Videos,421226
2026-02-17,Videos,419761
2026-02-18,Videos,500069
2026-02-19,Videos,458665
2026-02-20,Videos,323390
2026-02-21,Videos,471755
2026-02-22,Videos,444059
2026-02-23,Videos,446788
2026-02-24,Videos,439523
2026-02-25,Videos,423052
2026-02-26,Videos,383972
2026-02-27,Videos,325666
2026-02-28,Videos,397266
2026-03-01,Videos,448373
2026-03-02,Videos,459294
2026-03-03,Videos,399087
2026-03-04,Videos,405120
2026-03-05,Videos,372155
2026-03-06,Videos,306481
2026-03-07,Videos,405918
2026-03-08,Videos,358200
2026-03-09,Videos,385892
2026-03-10,Videos,349661
2026-03-11,Videos,328352
2026-03-12,Videos,327116
2026-03-13,Videos,254395
2026-03-14,Videos,363451
2026-03-15,Videos,361214
2026-03-16,Videos,362946
2026-03-17,Videos,357849
2026-03-18,Videos,371986
2026-03-19,Videos,345462
2026-03-20,Videos,283069
2026-03-21,Videos,391870
2026-03-22,Videos,399755
2026-03-23,Videos,357025
2026-03-24,Videos,385155
2026-03-25,Videos,456369
2026-03-26,Videos,378067
2026-03-27,Videos,320124
2026-03-28,Videos,326810
2026-03-29,Videos,333815
2026-03-30,Videos,309839
2026-03-31,Videos,279610
2026-04-01,Videos,244492
2026-04-02,Videos,334113
2026-04-03,Videos,244215
2026-04-04,Videos,292947
2026-04-05,Videos,382347
2026-04-06,Videos,390599
2026-04-07,Videos,318634
2026-04-08,Videos,295725
2026-04-09,Videos,281930
2026-04-10,Videos,215677
2026-04-11,Videos,254341
2026-04-12,Videos,304218
2026-04-13,Videos,365650
2026-04-14,Videos,337801
2026-04-15,Videos,304329
2026-04-16,Videos,331769
2026-04-17,Videos,279352
2026-04-18,Videos,314687
2026-04-19,Videos,285423
2026-04-20,Videos,352606
2026-04-21,Videos,311265
2026-04-22,Videos,326566
2026-04-23,Videos,322638
2026-04-24,Videos,294287
2026-04-25,Videos,360238
2026-04-26,Videos,331049
2026-04-27,Videos,309186
2026-04-28,Videos,402851
2026-04-29,Videos,347882
2026-04-30,Videos,365773
2026-05-01,Videos,313848
2026-05-02,Videos,359641
2026-05-03,Videos,365191
2026-05-04,Videos,372287
2026-05-05,Videos,391574
2026-05-06,Videos,348752
2026-05-07,Videos,402668
2026-05-08,Videos,330320
2026-05-09,Videos,377643
2026-05-10,Videos,447875
2026-05-11,Videos,486675
2026-05-12,Videos,454449
2026-05-13,Videos,427246
2026-05-14,Videos,512071
2026-05-15,Videos,406181
2026-05-16,Videos,396085
2026-05-17,Videos,481102
2026-05-18,Videos,477029
2026-05-19,Videos,539929
2026-05-20,Videos,444137
2026-05-21,Videos,309008
2026-05-22,Videos,230667
2026-05-23,Videos,369480
2026-05-24,Videos,428652
2026-05-25,Videos,370502
2026-05-26,Videos,333915
2026-05-27,Videos,463102
2026-05-28,Videos,423500
2026-05-29,Videos,315865
2026-05-30,Videos,333176
2026-05-31,Videos,354011
2026-06-01,Videos,366572
2026-06-02,Videos,345733
2026-06-03,Videos,365557
2026-06-04,Videos,338370
2026-06-05,Videos,272941
2026-06-06,Videos,339953
2026-06-07,Videos,400206
2026-06-08,Videos,432294
2026-06-09,Videos,353113
2026-06-10,Videos,297175
2026-06-11,Videos,270411
2026-06-12,Videos,225672
2026-06-13,Videos,274597
2026-06-14,Videos,265446
2026-06-15,Videos,229506
2026-06-16,Videos,249711
2026-06-17,Videos,273733
2026-06-18,Videos,250780
2026-06-19,Videos,232088
2026-06-20,Videos,232067
2026-06-21,Videos,235782
2026-06-22,Videos,202936
2026-06-23,Videos,214682
2026-06-24,Videos,255657
2026-06-25,Videos,246747
2026-06-26,Videos,199897
2026-06-27,Videos,238984
2026-06-28,Videos,293063
2026-06-29,Videos,282717
2026-06-30,Videos,252035
2026-07-01,Videos,273719
2026-07-02,Videos,295823
2026-07-03,Videos,235562
2026-07-04,Videos,247314
2026-07-05,Videos,300750
2026-07-06,Videos,349390
2026-07-07,Videos,274976
2026-07-08,Videos,330060
2026-07-09,Videos,320545
2026-07-10,Videos,232195
2026-07-11,Videos,329974
2026-07-12,Videos,369523
2026-07-13,Videos,422005
2026-07-14,Videos,347092
2026-07-15,Videos,340063
2026-07-16,Videos,350760
2026-07-17,Videos,287552
2026-07-18,Videos,370873
2026-07-19,Videos,288498
2026-07-20,Videos,344572
2026-07-21,Videos,355914
2026-07-22,Videos,400226
2026-07-23,Videos,418197
2026-07-24,Videos,282742
2026-07-25,Videos,345576
2026-07-26,Videos,337946
2026-07-27,Videos,331033
2026-07-28,Videos,317968
2026-07-29,Videos,351733
2026-07-30,Videos,394309
2026-07-31,Videos,347918
2026-08-01,Videos,463899
2026-08-02,Videos,500460
2026-08-03,Videos,484262
2026-08-04,Videos,405536
2026-08-05,Videos,441458
2026-08-06,Videos,424475
2026-08-07,Videos,361565
2026-08-08,Videos,479924
2026-08-09,Videos,422047
2026-08-10,Videos,432234
