Date,Views
2024-01-01,774556
2024-01-02,651055
2024-01-03,620126
2024-01-04,646318
2024-01-05,466579
2024-01-06,704234
2024-01-07,547203
2024-01-08,616614
2024-01-09,675290
2024-01-10,549150
2024-01-11,531403
2024-01-12,473572
2024-01-13,735010
2024-01-14,684350
2024-01-15,611795
2024-01-16,531820
2024-01-17,615383
2024-01-18,582273
2024-01-19,552698
2024-01-20,647136
2024-01-21,612060
2024-01-22,571957
2024-01-23,649924
2024-01-24,619798
2024-01-25,960588
2024-01-26,603393
2024-01-27,807473
2024-01-28,745427
2024-01-29,765911
2024-01-30,810906
2024-01-31,822433
2024-02-01,753106
2024-02-02,516298
2024-02-03,758572
2024-02-04,737283
2024-02-05,746842
2024-02-06,742698
2024-02-07,698986
2024-02-08,747013
2024-02-09,604799
2024-02-10,671298
2024-02-11,659475
2024-02-12,735187
2024-02-13,661034
2024-02-14,798114
2024-02-15,758426
2024-02-16,597929
2024-02-17,808172
2024-02-18,755908
2024-02-19,860113
2024-02-20,811394
2024-02-21,717327
2024-02-22,695345
2024-02-23,548937
2024-02-24,624944
2024-02-25,684363
2024-02-26,630107
2024-02-27,610314
2024-02-28,601274
2024-02-29,625474
2024-03-01,479654
2024-03-02,615704
2024-03-03,685972
2024-03-04,733247
2024-03-05,724908
2024-03-06,733101
2024-03-07,717177
2024-03-08,517919
2024-03-09,675341
2024-03-10,666845
2024-03-11,645453
2024-03-12,654375
2024-03-13,686754
2024-03-14,594386
2024-03-15,473840
2024-03-16,618067
2024-03-17,634328
2024-03-18,606478
2024-03-19,576539
2024-03-20,546467
2024-03-21,621047
2024-03-22,477030
2024-03-23,691128
2024-03-24,824918
2024-03-25,759296
2024-03-26,709160
2024-03-27,650327
2024-03-28,662317
2024-03-29,541742
2024-03-30,657127
2024-03-31,725006
2024-04-01,743482
2024-04-02,678897
2024-04-03,663050
2024-04-04,778339
2024-04-05,574730
2024-04-06,670354
2024-04-07,601732
2024-04-08,585090
2024-04-09,646348
2024-04-10,789603
2024-04-11,741990
2024-04-12,650106
2024-04-13,1013511
2024-04-14,911361
2024-04-15,739891
2024-04-16,669359
2024-04-17,727111
2024-04-18,660835
2024-04-19,569417
2024-04-20,676300
2024-04-21,591812
2024-04-22,421402
2024-04-23,581440
2024-04-24,723199
2024-04-25,790946
2024-04-26,638849
2024-04-27,742078
2024-04-28,531043
2024-04-29,658225
2024-04-30,711974
2024-05-01,676543
2024-05-02,644505
2024-05-03,538892
2024-05-04,624128
2024-05-05,639475
2024-05-06,620084
2024-05-07,564512
2024-05-08,606571
2024-05-09,618070
2024-05-10,570511
2024-05-11,633971
2024-05-12,618499
2024-05-13,671077
2024-05-14,560601
2024-05-15,542425
2024-05-16,607495
2024-05-17,519414
2024-05-18,655277
2024-05-19,613682
2024-05-20,696845
2024-05-21,575629
2024-05-22,534847
2024-05-23,550340
2024-05-24,463382
2024-05-25,483932
2024-05-26,454810
2024-05-27,509299
2024-05-28,678602
2024-05-29,712834
2024-05-30,657235
2024-05-31,521286
2024-06-01,602510
2024-06-02,588890
2024-06-03,536509
2024-06-04,496747
2024-06-05,546674
2024-06-06,573294
2024-06-07,448090
2024-06-08,888196
2024-06-09,732982
2024-06-10,652328
2024-06-11,499699
2024-06-12,654655
2024-06-13,782680
2024-06-14,676653
2024-06-15,723316
2024-06-16,713240
2024-06-17,676978
2024-06-18,682688
2024-06-19,608221
2024-06-20,562702
2024-06-21,465502
2024-06-22,536835
2024-06-23,517036
2024-06-24,557314
2024-06-25,569054
2024-06-26,578981
2024-06-27,765941
2024-06-28,605673
2024-06-29,654304
2024-06-30,611771
2024-07-01,572007
2024-07-02,531086
2024-07-03,671856
2024-07-04,633773
2024-07-05,528250
2024-07-06,544601
2024-07-07,659443
2024-07-08,710042
2024-07-09,716002
2024-07-10,722790
2024-07-11,668623
2024-07-12,529437
2024-07-13,623218
2024-07-14,626022
2024-07-15,635790
2024-07-16,656436
2024-07-17,672955
2024-07-18,683744
2024-07-19,522412
2024-07-20,698674
2024-07-21,638311
2024-07-22,596248
2024-07-23,591842
2024-07-24,651909
2024-07-25,573530
2024-07-26,434034
2024-07-27,520850
2024-07-28,589279
2024-07-29,564460
2024-07-30,546958
2024-07-31,609863
2024-08-01,564313
2024-08-02,423218
2024-08-03,474243
2024-08-04,688668
2024-08-05,826504
2024-08-06,816731
2024-08-07,680546
2024-08-08,601163
2024-08-09,447505
2024-08-10,641491
2024-08-11,595245
2024-08-12,697820
2024-08-13,745510
2024-08-14,537414
2024-08-15,542633
2024-08-16,421296
2024-08-17,482207
2024-08-18,563129
2024-08-19,541663
2024-08-20,505403
2024-08-21,464044
2024-08-22,491375
2024-08-23,421391
2024-08-24,627433
2024-08-25,571924
2024-08-26,462317
2024-08-27,602025
2024-08-28,551183
2024-08-29,487536
2024-08-30,376766
2024-08-31,480360
2024-09-01,494042
2024-09-02,427295
2024-09-03,423900
2024-09-04,367885
2024-09-05,392844
2024-09-06,360589
2024-09-07,471631
2024-09-08,466881
2024-09-09,514100
2024-09-10,530874
2024-09-11,550295
2024-09-12,553509
2024-09-13,468829
2024-09-14,576161
2024-09-15,561412
2024-09-16,525143
2024-09-17,684988
2024-09-18,674392
2024-09-19,751483
2024-09-20,557636
2024-09-21,532195
2024-09-22,511346
2024-09-23,442204
2024-09-24,436726
2024-09-25,509875
2024-09-26,541640
2024-09-27,419069
2024-09-28,879207
2024-09-29,642694
2024-09-30,558761
2024-10-01,592798
2024-10-02,358169
2024-10-03,362834
2024-10-04,378068
2024-10-05,716826
2024-10-06,627884
2024-10-07,715350
2024-10-08,563563
2024-10-09,562313
2024-10-10,521417
2024-10-11,406011
2024-10-12,528446
2024-10-13,520690
2024-10-14,647403
2024-10-15,585337
2024-10-16,451061
2024-10-17,909653
2024-10-18,636055
2024-10-19,686975
2024-10-20,745861
2024-10-21,666252
2024-10-22,525274
2024-10-23,374426
2024-10-24,471016
2024-10-25,347657
2024-10-26,669228
2024-10-27,591268
2024-10-28,542179
2024-10-29,593358
2024-10-30,595445
2024-10-31,629330
2024-11-01,528795
2024-11-02,734512
2024-11-03,637358
2024-11-04,583088
2024-11-05,557521
2024-11-06,665513
2024-11-07,681529
2024-11-08,468359
2024-11-09,685406
2024-11-10,571745
2024-11-11,508104
2024-11-12,602660
2024-11-13,492441
2024-11-14,515002
2024-11-15,367577
2024-11-16,442676
2024-11-17,485801
2024-11-18,446358
2024-11-19,441546
2024-11-20,410273
2024-11-21,410355
2024-11-22,389684
2024-11-23,504800
2024-11-24,559042
2024-11-25,514517
2024-11-26,569028
2024-11-27,543564
2024-11-28,509810
2024-11-29,335211
2024-11-30,451851
2024-12-01,473715
2024-12-02,489886
2024-12-03,438528
2024-12-04,421624
2024-12-05,425942
2024-12-06,316715
2024-12-07,385400
2024-12-08,467657
2024-12-09,497351
2024-12-10,431586
2024-12-11,422832
2024-12-12,513507
2024-12-13,372233
2024-12-14,518442
2024-12-15,477710
2024-12-16,403593
2024-12-17,378704
2024-12-18,475971
2024-12-19,544980
2024-12-20,418801
2024-12-21,693276
2024-12-22,559024
2024-12-23,529895
2024-12-24,448413
2024-12-25,440169
2024-12-26,503071
2024-12-27,369875
2024-12-28,496869
2024-12-29,521414
2024-12-30,587464
2024-12-31,623683
2025-01-01,569827
2025-01-02,563987
2025-01-03,454811
2025-01-04,794081
2025-01-05,744687
2025-01-06,614970
2025-01-07,583469
2025-01-08,549884
2025-01-09,543909
2025-01-10,395200
2025-01-11,586125
2025-01-12,548603
2025-01-13,547187
2025-01-14,521821
2025-01-15,458281
2025-01-16,416087
2025-01-17,340540
2025-01-18,563430
2025-01-19,1028920
2025-01-20,916558
2025-01-21,787657
2025-01-22,660186
2025-01-23,655046
2025-01-24,420111
2025-01-25,1023595
2025-01-26,853887
2025-01-27,803755
2025-01-28,767421
2025-01-29,682236
2025-01-30,1279843
2025-01-31,646250
2025-02-01,1060258
2025-02-02,835074
2025-02-03,653651
2025-02-04,712917
2025-02-05,860774
2025-02-06,902952
2025-02-07,591103
2025-02-08,992509
2025-02-09,783201
2025-02-10,639902
2025-02-11,603516
2025-02-12,649491
2025-02-13,650860
2025-02-14,465597
2025-02-15,787158
2025-02-16,980587
2025-02-17,946363
2025-02-18,956018
2025-02-19,970489
2025-02-20,1111364
2025-02-21,758989
2025-02-22,1306201
2025-02-23,1032970
2025-02-24,845549
2025-02-25,740663
2025-02-26,883054
2025-02-27,791875
2025-02-28,557513
2025-03-01,740144
2025-03-02,721917
2025-03-03,663554
2025-03-04,553374
2025-03-05,545494
2025-03-06,539744
2025-03-07,477074
2025-03-08,679926
2025-03-09,645993
2025-03-10,671643
2025-03-11,607516
2025-03-12,555733
2025-03-13,524623
2025-03-14,371785
2025-03-15,577735
2025-03-16,547217
2025-03-17,536948
2025-03-18,708829
2025-03-19,632771
2025-03-20,631763
2025-03-21,491481
2025-03-22,623558
2025-03-23,675957
2025-03-24,719513
2025-03-25,570204
2025-03-26,512911
2025-03-27,542147
2025-03-28,443753
2025-03-29,566200
2025-03-30,512265
2025-03-31,539400
2025-04-01,656053
2025-04-02,557641
2025-04-03,562906
2025-04-04,545572
2025-04-05,744019
2025-04-06,776234
2025-04-07,710052
2025-04-08,638540
2025-04-09,620086
2025-04-10,513322
2025-04-11,374506
2025-04-12,289920
2025-04-13,452029
2025-04-14,555604
2025-04-15,561239
2025-04-16,681235
2025-04-17,623553
2025-04-18,451430
2025-04-19,476151
2025-04-20,506728
2025-04-21,616324
2025-04-22,779590
2025-04-23,936239
2025-04-24,964054
2025-04-25,614703
2025-04-26,802030
2025-04-27,941669
2025-04-28,769925
2025-04-29,957701
2025-04-30,1197822
2025-05-01,973852
2025-05-02,664698
2025-05-03,813116
2025-05-04,1097431
2025-05-05,950511
2025-05-06,1100432
2025-05-07,992887
2025-05-08,778266
2025-05-09,607262
2025-05-10,612294
2025-05-11,663916
2025-05-12,895761
2025-05-13,806948
2025-05-14,818584
2025-05-15,1110150
2025-05-16,978861
2025-05-17,1395435
2025-05-18,1602694
2025-05-19,1194720
2025-05-20,865071
2025-05-21,706358
2025-05-22,726606
2025-05-23,499168
2025-05-24,570205
2025-05-25,646985
2025-05-26,757641
2025-05-27,833363
2025-05-28,695486
2025-05-29,700422
2025-05-30,591868
2025-05-31,638860
2025-06-01,629378
2025-06-02,685084
2025-06-03,721742
2025-06-04,784683
2025-06-05,948157
2025-06-06,773626
2025-06-07,987533
2025-06-08,1000784
2025-06-09,1148841
2025-06-10,1517636
2025-06-11,1106447
2025-06-12,1119801
2025-06-13,984602
2025-06-14,1781820
2025-06-15,1864394
2025-06-16,1273930
2025-06-17,1285956
2025-06-18,1184222
2025-06-19,1763875
2025-06-20,1057796
2025-06-21,1376102
2025-06-22,1319531
2025-06-23,1272301
2025-06-24,1334179
2025-06-25,1068152
2025-06-26,1046582
2025-06-27,745471
2025-06-28,771991
2025-06-29,691023
2025-06-30,755541
2025-07-01,707261
2025-07-02,698758
2025-07-03,853208
2025-07-04,624899
2025-07-05,649459
2025-07-06,796187
2025-07-07,801801
2025-07-08,786111
2025-07-09,697553
2025-07-10,975203
2025-07-11,607149
2025-07-12,669986
2025-07-13,837504
2025-07-14,848784
2025-07-15,864534
2025-07-16,1096713
2025-07-17,964675
2025-07-18,757208
2025-07-19,890707
2025-07-20,974066
2025-07-21,1044945
2025-07-22,1008305
2025-07-23,876615
2025-07-24,811181
2025-07-25,612088
2025-07-26,771406
2025-07-27,858548
2025-07-28,971062
2025-07-29,857467
2025-07-30,712295
2025-07-31,840514
2025-08-01,696217
2025-08-02,1135788
2025-08-03,1365966
2025-08-04,916728
2025-08-05,888834
2025-08-06,711419
2025-08-07,862147
2025-08-08,630367
2025-08-09,740776
2025-08-10,720585
2025-08-11,769306
2025-08-12,731868
2025-08-13,845720
2025-08-14,912819
2025-08-15,729582
2025-08-16,758478
2025-08-17,689284
2025-08-18,662514
2025-08-19,764474
2025-08-20,981528
2025-08-21,1100906
2025-08-22,741253
2025-08-23,934598
2025-08-24,776997
2025-08-25,687752
2025-08-26,810099
2025-08-27,660620
2025-08-28,663299
2025-08-29,497324
2025-08-30,649727
2025-08-31,621640
2025-09-01,856393
2025-09-02,639433
2025-09-03,550249
2025-09-04,714865
2025-09-05,523791
2025-09-06,647979
2025-09-07,573945
2025-09-08,1004862
2025-09-09,736065
2025-09-10,872621
2025-09-11,1043075
2025-09-12,664242
2025-09-13,724786
2025-09-14,580654
2025-09-15,545179
2025-09-16,548289
2025-09-17,569452
2025-09-18,609195
2025-09-19,557538
2025-09-20,640448
2025-09-21,649164
2025-09-22,419008
2025-09-23,327778
2025-09-24,705258
2025-09-25,1030294
2025-09-26,814035
2025-09-27,781260
2025-09-28,732025
2025-09-29,677748
2025-09-30,796776
2025-10-01,509650
2025-10-02,617088
2025-10-03,476515
2025-10-04,592830
2025-10-05,579017
2025-10-06,373937
2025-10-07,717112
2025-10-08,704045
2025-10-09,770428
2025-10-10,482848
2025-10-11,617591
2025-10-12,783587
2025-10-13,1157707
2025-10-14,1926623
2025-10-15,1909377
2025-10-16,1575524
2025-10-17,1047873
2025-10-18,1171447
2025-10-19,1145227
2025-10-20,1313284
2025-10-21,1156111
2025-10-22,911971
2025-10-23,929299
2025-10-24,563234
2025-10-25,743907
2025-10-26,733735
2025-10-27,777730
2025-10-28,717013
2025-10-29,787669
2025-10-30,894837
2025-10-31,574349
2025-11-01,699324
2025-11-02,674550
2025-11-03,588592
2025-11-04,526643
2025-11-05,506203
2025-11-06,489805
2025-11-07,370376
2025-11-08,609618
2025-11-09,605228
2025-11-10,650809
2025-11-11,522886
2025-11-12,583996
2025-11-13,630731
2025-11-14,557353
2025-11-15,814471
2025-11-16,700444
2025-11-17,566483
2025-11-18,543028
2025-11-19,606749
2025-11-20,557935
2025-11-21,396609
2025-11-22,572382
2025-11-23,533469
2025-11-24,430578
2025-11-25,390817
2025-11-26,483458
2025-11-27,730439
2025-11-28,487811
2025-11-29,819806
2025-11-30,711948
2025-12-01,552333
2025-12-02,567418
2025-12-03,475917
2025-12-04,552314
2025-12-05,443120
2025-12-06,921140
2025-12-07,1003528
2025-12-08,781554
2025-12-09,941882
2025-12-10,878512
2025-12-11,873297
2025-12-12,588948
2025-12-13,636675
2025-12-14,855127
2025-12-15,765729
2025-12-16,786179
2025-12-17,568087
2025-12-18,466490
2025-12-19,364377
2025-12-20,560626
2025-12-21,700016
2025-12-22,594357
2025-12-23,561712
2025-12-24,549476
2025-12-25,647073
2025-12-26,549922
2025-12-27,843147
2025-12-28,674660
2025-12-29,706376
2025-12-30,637126
2025-12-31,699435
2026-01-01,640733
2026-01-02,517002
2026-01-03,714924
2026-01-04,848401
2026-01-05,692296
2026-01-06,645062
2026-01-07,587525
2026-01-08,621836
2026-01-09,507918
2026-01-10,579597
2026-01-11,540040
2026-01-12,641467
2026-01-13,642943
2026-01-14,556613
2026-01-15,534457
2026-01-16,402003
2026-01-17,529129
2026-01-18,599423
2026-01-19,558148
2026-01-20,644934
2026-01-21,734165
2026-01-22,504216
2026-01-23,344603
2026-01-24,551346
2026-01-25,577459
2026-01-26,588846
2026-01-27,539762
2026-01-28,531621
2026-01-29,643632
2026-01-30,528034
2026-01-31,768184
2026-02-01,642040
2026-02-02,730960
2026-02-03,728988
2026-02-04,636662
2026-02-05,533248
2026-02-06,366065
2026-02-07,452109
2026-02-08,432121
2026-02-09,477910
2026-02-10,487709
2026-02-11,491728
2026-02-12,700272
2026-02-13,535106
2026-02-14,753415
2026-02-15,827277
2026-02-16,777866
2026-02-17,985334
2026-02-18,1085229
2026-02-19,883335
2026-02-20,484992
2026-02-21,625786
2026-02-22,576425
2026-02-23,624014
2026-02-24,669505
2026-02-25,610153
2026-02-26,557524
2026-02-27,493886
2026-02-28,923231
2026-03-01,759761
2026-03-02,941780
2026-03-03,927780
2026-03-04,1079435
2026-03-05,918694
2026-03-06,699988
2026-03-07,976852
2026-03-08,806929
2026-03-09,1057494
2026-03-10,1162672
2026-03-11,1090847
2026-03-12,961813
2026-03-13,615155
2026-03-14,776105
2026-03-15,1006452
2026-03-16,1198812
2026-03-17,916291
2026-03-18,885645
2026-03-19,744967
2026-03-20,460833
2026-03-21,780617
2026-03-22,790248
2026-03-23,652122
2026-03-24,820463
2026-03-25,1719190
2026-03-26,1235461
2026-03-27,831554
2026-03-28,1167302
2026-03-29,1238618
2026-03-30,859070
2026-03-31,1067691
2026-04-01,626125
2026-04-02,725148
2026-04-03,536107
2026-04-04,760638
2026-04-05,855362
2026-04-06,785634
2026-04-07,574827
2026-04-08,548865
2026-04-09,561031
2026-04-10,372514
2026-04-11,424483
2026-04-12,418542
2026-04-13,500000
2026-04-14,532985
2026-04-15,465798
2026-04-16,594682
2026-04-17,465721
2026-04-18,458261
2026-04-19,425817
2026-04-20,501115
2026-04-21,605992
2026-04-22,514132
2026-04-23,438278
2026-04-24,615680
2026-04-25,669711
2026-04-26,640099
2026-04-27,878412
2026-04-28,672230
2026-04-29,891795
2026-04-30,751492
2026-05-01,745557
2026-05-02,928185
2026-05-03,769672
2026-05-04,966814
2026-05-05,775754
2026-05-06,620005
2026-05-07,651974
2026-05-08,472866
2026-05-09,512498
2026-05-10,633454
2026-05-11,666446
2026-05-12,585965
2026-05-13,583734
2026-05-14,599676
2026-05-15,473968
2026-05-16,947217
2026-05-17,1159972
2026-05-18,915506
2026-05-19,769453
2026-05-20,557909
2026-05-21,359697
2026-05-22,258189
2026-05-23,525968
2026-05-24,591449
2026-05-25,552258
2026-05-26,513568
2026-05-27,621912
2026-05-28,758248
2026-05-29,660898
2026-05-30,743122
2026-05-31,923302
2026-06-01,700715
2026-06-02,646917
2026-06-03,611407
2026-06-04,552761
2026-06-05,419379
2026-06-06,503066
2026-06-07,632913
2026-06-08,768724
2026-06-09,760643
2026-06-10,566873
2026-06-11,752648
2026-06-12,838890
2026-06-13,927854
2026-06-14,1075404
2026-06-15,934661
2026-06-16,684356
2026-06-17,666549
2026-06-18,570205
2026-06-19,426485
2026-06-20,490199
2026-06-21,571614
2026-06-22,419917
2026-06-23,354934
2026-06-24,373140
2026-06-25,353210
2026-06-26,270959
2026-06-27,308436
2026-06-28,579795
2026-06-29,662204
2026-06-30,540830
2026-07-01,423106
2026-07-02,427045
2026-07-03,288736
2026-07-04,333478
2026-07-05,440452
2026-07-06,591133
2026-07-07,566337
2026-07-08,741844
2026-07-09,558471
2026-07-10,329600
2026-07-11,557306
2026-07-12,623431
2026-07-13,685839
2026-07-14,643706
2026-07-15,711153
2026-07-16,664945
2026-07-17,396211
2026-07-18,629118
2026-07-19,717527
2026-07-20,642414
2026-07-21,560252
2026-07-22,849691
2026-07-23,888044
2026-07-24,926057
2026-07-25,690388
2026-07-26,849142
2026-07-27,763893
2026-07-28,735381
2026-07-29,636827
2026-07-30,726836
2026-07-31,548134
2026-08-01,704471
2026-08-02,775736
2026-08-03,760048
2026-08-04,752082
2026-08-05,642265
2026-08-06,625235
2026-08-07,641184
2026-08-08,679326
2026-08-09,580787
2026-08-10,582185
