Date,Subscribers
2024-01-01,613238
2024-01-02,613484
2024-01-03,613725
2024-01-04,613917
2024-01-05,614055
2024-01-06,614246
2024-01-07,614459
2024-01-08,614715
2024-01-09,614956
2024-01-10,615122
2024-01-11,615334
2024-01-12,615536
2024-01-13,615780
2024-01-14,616021
2024-01-15,616260
2024-01-16,616407
2024-01-17,616619
2024-01-18,616820
2024-01-19,617062
2024-01-20,617282
2024-01-21,617509
2024-01-22,617703
2024-01-23,617945
2024-01-24,618173
2024-01-25,618569
2024-01-26,618810
2024-01-27,619139
2024-01-28,619385
2024-01-29,619640
2024-01-30,619948
2024-01-31,620242
2024-02-01,620568
2024-02-02,620794
2024-02-03,621109
2024-02-04,621359
2024-02-05,621602
2024-02-06,621845
2024-02-07,622075
2024-02-08,622386
2024-02-09,622632
2024-02-10,622867
2024-02-11,623109
2024-02-12,623367
2024-02-13,623648
2024-02-14,623930
2024-02-15,624207
2024-02-16,624412
2024-02-17,624640
2024-02-18,624855
2024-02-19,625099
2024-02-20,625314
2024-02-21,625507
2024-02-22,625683
2024-02-23,625856
2024-02-24,626028
2024-02-25,626199
2024-02-26,626431
2024-02-27,626745
2024-02-28,627093
2024-02-29,627391
2024-03-01,627648
2024-03-02,627886
2024-03-03,628141
2024-03-04,628392
2024-03-05,628575
2024-03-06,628822
2024-03-07,629051
2024-03-08,629247
2024-03-09,629441
2024-03-10,629592
2024-03-11,629769
2024-03-12,629959
2024-03-13,630137
2024-03-14,630305
2024-03-15,630465
2024-03-16,630653
2024-03-17,630815
2024-03-18,630974
2024-03-19,631096
2024-03-20,631245
2024-03-21,631460
2024-03-22,631648
2024-03-23,631884
2024-03-24,632112
2024-03-25,632306
2024-03-26,632559
2024-03-27,632762
2024-03-28,632966
2024-03-29,633180
2024-03-30,633399
2024-03-31,633592
2024-04-01,633832
2024-04-02,634064
2024-04-03,634276
2024-04-04,634560
2024-04-05,634723
2024-04-06,634982
2024-04-07,635326
2024-04-08,635557
2024-04-09,635816
2024-04-10,636031
2024-04-11,636242
2024-04-12,636524
2024-04-13,637363
2024-04-14,637698
2024-04-15,637923
2024-04-16,638139
2024-04-17,638339
2024-04-18,638556
2024-04-19,638834
2024-04-20,639039
2024-04-21,639204
2024-04-22,639381
2024-04-23,639572
2024-04-24,639792
2024-04-25,639971
2024-04-26,640150
2024-04-27,640370
2024-04-28,640534
2024-04-29,640684
2024-04-30,640833
2024-05-01,640990
2024-05-02,641147
2024-05-03,641328
2024-05-04,641489
2024-05-05,641728
2024-05-06,641971
2024-05-07,642150
2024-05-08,642356
2024-05-09,642629
2024-05-10,642913
2024-05-11,643346
2024-05-12,643592
2024-05-13,643945
2024-05-14,644161
2024-05-15,644368
2024-05-16,644591
2024-05-17,644764
2024-05-18,644959
2024-05-19,645180
2024-05-20,645361
2024-05-21,645529
2024-05-22,645740
2024-05-23,645908
2024-05-24,646095
2024-05-25,646296
2024-05-26,646496
2024-05-27,646675
2024-05-28,646885
2024-05-29,647115
2024-05-30,647433
2024-05-31,647637
2024-06-01,647907
2024-06-02,648141
2024-06-03,648365
2024-06-04,648563
2024-06-05,648750
2024-06-06,648952
2024-06-07,649128
2024-06-08,649529
2024-06-09,649806
2024-06-10,650046
2024-06-11,650249
2024-06-12,650496
2024-06-13,650752
2024-06-14,651050
2024-06-15,651322
2024-06-16,651618
2024-06-17,651837
2024-06-18,652085
2024-06-19,652303
2024-06-20,652528
2024-06-21,652753
2024-06-22,652956
2024-06-23,653137
2024-06-24,653333
2024-06-25,653524
2024-06-26,653765
2024-06-27,654042
2024-06-28,654329
2024-06-29,654586
2024-06-30,654861
2024-07-01,655080
2024-07-02,655277
2024-07-03,655482
2024-07-04,655753
2024-07-05,656044
2024-07-06,656280
2024-07-07,656531
2024-07-08,656793
2024-07-09,657085
2024-07-10,657306
2024-07-11,657585
2024-07-12,657811
2024-07-13,658050
2024-07-14,658346
2024-07-15,658529
2024-07-16,658736
2024-07-17,658968
2024-07-18,659171
2024-07-19,659384
2024-07-20,659600
2024-07-21,659846
2024-07-22,660031
2024-07-23,660237
2024-07-24,660666
2024-07-25,660897
2024-07-26,661077
2024-07-27,661284
2024-07-28,661523
2024-07-29,661719
2024-07-30,661960
2024-07-31,662229
2024-08-01,662463
2024-08-02,662664
2024-08-03,662876
2024-08-04,663165
2024-08-05,663452
2024-08-06,663713
2024-08-07,663901
2024-08-08,664120
2024-08-09,664266
2024-08-10,664441
2024-08-11,664622
2024-08-12,664850
2024-08-13,665061
2024-08-14,665160
2024-08-15,665314
2024-08-16,665446
2024-08-17,665561
2024-08-18,665696
2024-08-19,665866
2024-08-20,665987
2024-08-21,666148
2024-08-22,666295
2024-08-23,666444
2024-08-24,666716
2024-08-25,666928
2024-08-26,667104
2024-08-27,667320
2024-08-28,667498
2024-08-29,667628
2024-08-30,667689
2024-08-31,667843
2024-09-01,668049
2024-09-02,668255
2024-09-03,668396
2024-09-04,668469
2024-09-05,668583
2024-09-06,668681
2024-09-07,668811
2024-09-08,668978
2024-09-09,669147
2024-09-10,669310
2024-09-11,669473
2024-09-12,669662
2024-09-13,669832
2024-09-14,669976
2024-09-15,670165
2024-09-16,670343
2024-09-17,670502
2024-09-18,670718
2024-09-19,671034
2024-09-20,671276
2024-09-21,671549
2024-09-22,671771
2024-09-23,672023
2024-09-24,672157
2024-09-25,672352
2024-09-26,672565
2024-09-27,672846
2024-09-28,673262
2024-09-29,673504
2024-09-30,673811
2024-10-01,674471
2024-10-02,674685
2024-10-03,674912
2024-10-04,675122
2024-10-05,675535
2024-10-06,675878
2024-10-07,676272
2024-10-08,676527
2024-10-09,676788
2024-10-10,677053
2024-10-11,677245
2024-10-12,677490
2024-10-13,677806
2024-10-14,678105
2024-10-15,678367
2024-10-16,678593
2024-10-17,680560
2024-10-18,681504
2024-10-19,681883
2024-10-20,682482
2024-10-21,682953
2024-10-22,683148
2024-10-23,683352
2024-10-24,683575
2024-10-25,683774
2024-10-26,684131
2024-10-27,684365
2024-10-28,684584
2024-10-29,684894
2024-10-30,685161
2024-10-31,685464
2024-11-01,685761
2024-11-02,686062
2024-11-03,686305
2024-11-04,686527
2024-11-05,686859
2024-11-06,687137
2024-11-07,687394
2024-11-08,687615
2024-11-09,687821
2024-11-10,688046
2024-11-11,688275
2024-11-12,688515
2024-11-13,688693
2024-11-14,688868
2024-11-15,689037
2024-11-16,689201
2024-11-17,689402
2024-11-18,689581
2024-11-19,689728
2024-11-20,689843
2024-11-21,689955
2024-11-22,690094
2024-11-23,690261
2024-11-24,690483
2024-11-25,690649
2024-11-26,690840
2024-11-27,691005
2024-11-28,691157
2024-11-29,691282
2024-11-30,691412
2024-12-01,691513
2024-12-02,691603
2024-12-03,691711
2024-12-04,691828
2024-12-05,691963
2024-12-06,692081
2024-12-07,692221
2024-12-08,692361
2024-12-09,692527
2024-12-10,692692
2024-12-11,692825
2024-12-12,692977
2024-12-13,693117
2024-12-14,693269
2024-12-15,693432
2024-12-16,693571
2024-12-17,693660
2024-12-18,693805
2024-12-19,693961
2024-12-20,694100
2024-12-21,694360
2024-12-22,694501
2024-12-23,694638
2024-12-24,694769
2024-12-25,694867
2024-12-26,695037
2024-12-27,695197
2024-12-28,695370
2024-12-29,695551
2024-12-30,695765
2024-12-31,696000
2025-01-01,696215
2025-01-02,696401
2025-01-03,696552
2025-01-04,696810
2025-01-05,697123
2025-01-06,697359
2025-01-07,697611
2025-01-08,697756
2025-01-09,697929
2025-01-10,698093
2025-01-11,698275
2025-01-12,698429
2025-01-13,698637
2025-01-14,698809
2025-01-15,698966
2025-01-16,699109
2025-01-17,699273
2025-01-18,699497
2025-01-19,700498
2025-01-20,700992
2025-01-21,701350
2025-01-22,701590
2025-01-23,701873
2025-01-24,702061
2025-01-25,702890
2025-01-26,703387
2025-01-27,703700
2025-01-28,703981
2025-01-29,704240
2025-01-30,704987
2025-01-31,705341
2025-02-01,705909
2025-02-02,706238
2025-02-03,706496
2025-02-04,706757
2025-02-05,706994
2025-02-06,707314
2025-02-07,707555
2025-02-08,708010
2025-02-09,708324
2025-02-10,708640
2025-02-11,708906
2025-02-12,709225
2025-02-13,709456
2025-02-14,709710
2025-02-15,710118
2025-02-16,710480
2025-02-17,710863
2025-02-18,711202
2025-02-19,711580
2025-02-20,712020
2025-02-21,712533
2025-02-22,713212
2025-02-23,713684
2025-02-24,714040
2025-02-25,714345
2025-02-26,714671
2025-02-27,714992
2025-02-28,715225
2025-03-01,715463
2025-03-02,715703
2025-03-03,715922
2025-03-04,716055
2025-03-05,716180
2025-03-06,716322
2025-03-07,716503
2025-03-08,716854
2025-03-09,717276
2025-03-10,717524
2025-03-11,717682
2025-03-12,717848
2025-03-13,717991
2025-03-14,718131
2025-03-15,718303
2025-03-16,718458
2025-03-17,718627
2025-03-18,718924
2025-03-19,719079
2025-03-20,719233
2025-03-21,719409
2025-03-22,719593
2025-03-23,719763
2025-03-24,719957
2025-03-25,720123
2025-03-26,720195
2025-03-27,720289
2025-03-28,720437
2025-03-29,720596
2025-03-30,720743
2025-03-31,720874
2025-04-01,721102
2025-04-02,721234
2025-04-03,721345
2025-04-04,721471
2025-04-05,721626
2025-04-06,721801
2025-04-07,721976
2025-04-08,722134
2025-04-09,722261
2025-04-10,722389
2025-04-11,722472
2025-04-12,722540
2025-04-13,722654
2025-04-14,722755
2025-04-15,722896
2025-04-16,723042
2025-04-17,723183
2025-04-18,723278
2025-04-19,723381
2025-04-20,723494
2025-04-21,723644
2025-04-22,723924
2025-04-23,724263
2025-04-24,724520
2025-04-25,724637
2025-04-26,724849
2025-04-27,725114
2025-04-28,725280
2025-04-29,725446
2025-04-30,725914
2025-05-01,726229
2025-05-02,726420
2025-05-03,726567
2025-05-04,726884
2025-05-05,727200
2025-05-06,727549
2025-05-07,727760
2025-05-08,727948
2025-05-09,728113
2025-05-10,728255
2025-05-11,728416
2025-05-12,728673
2025-05-13,728830
2025-05-14,729094
2025-05-15,729465
2025-05-16,729801
2025-05-17,730209
2025-05-18,730619
2025-05-19,730957
2025-05-20,731152
2025-05-21,731317
2025-05-22,731550
2025-05-23,731752
2025-05-24,731926
2025-05-25,732084
2025-05-26,732290
2025-05-27,732510
2025-05-28,732694
2025-05-29,732889
2025-05-30,733086
2025-05-31,733260
2025-06-01,733402
2025-06-02,733537
2025-06-03,733707
2025-06-04,733910
2025-06-05,734151
2025-06-06,734319
2025-06-07,734618
2025-06-08,734937
2025-06-09,735271
2025-06-10,735687
2025-06-11,735985
2025-06-12,736381
2025-06-13,737023
2025-06-14,737759
2025-06-15,738468
2025-06-16,738924
2025-06-17,739397
2025-06-18,739733
2025-06-19,740330
2025-06-20,740758
2025-06-21,741154
2025-06-22,741529
2025-06-23,741942
2025-06-24,742315
2025-06-25,742591
2025-06-26,742872
2025-06-27,743145
2025-06-28,743354
2025-06-29,743491
2025-06-30,743679
2025-07-01,743824
2025-07-02,743958
2025-07-03,744134
2025-07-04,744297
2025-07-05,744447
2025-07-06,744617
2025-07-07,744833
2025-07-08,744957
2025-07-09,745142
2025-07-10,745350
2025-07-11,745457
2025-07-12,745588
2025-07-13,745771
2025-07-14,745963
2025-07-15,746203
2025-07-16,746498
2025-07-17,746816
2025-07-18,747062
2025-07-19,747301
2025-07-20,747635
2025-07-21,748036
2025-07-22,748298
2025-07-23,748472
2025-07-24,748661
2025-07-25,748809
2025-07-26,748978
2025-07-27,749126
2025-07-28,749322
2025-07-29,749526
2025-07-30,749661
2025-07-31,749817
2025-08-01,749952
2025-08-02,750207
2025-08-03,750559
2025-08-04,750774
2025-08-05,750942
2025-08-06,751136
2025-08-07,751360
2025-08-08,751584
2025-08-09,751863
2025-08-10,752046
2025-08-11,752186
2025-08-12,752320
2025-08-13,752486
2025-08-14,752626
2025-08-15,752812
2025-08-16,753012
2025-08-17,753142
2025-08-18,753264
2025-08-19,753417
2025-08-20,753627
2025-08-21,753903
2025-08-22,754092
2025-08-23,754314
2025-08-24,754498
2025-08-25,754659
2025-08-26,754819
2025-08-27,754977
2025-08-28,755071
2025-08-29,755220
2025-08-30,755429
2025-08-31,755658
2025-09-01,755889
2025-09-02,756053
2025-09-03,756151
2025-09-04,756240
2025-09-05,756356
2025-09-06,756498
2025-09-07,756607
2025-09-08,756795
2025-09-09,757076
2025-09-10,757309
2025-09-11,757585
2025-09-12,757838
2025-09-13,757997
2025-09-14,758156
2025-09-15,758346
2025-09-16,758501
2025-09-17,758637
2025-09-18,758764
2025-09-19,758966
2025-09-20,759118
2025-09-21,759255
2025-09-22,759365
2025-09-23,759456
2025-09-24,759596
2025-09-25,759811
2025-09-26,760017
2025-09-27,760190
2025-09-28,760393
2025-09-29,760557
2025-09-30,760748
2025-10-01,760935
2025-10-02,761122
2025-10-03,761276
2025-10-04,761462
2025-10-05,761638
2025-10-06,761771
2025-10-07,761945
2025-10-08,762127
2025-10-09,762342
2025-10-10,762509
2025-10-11,762715
2025-10-12,763101
2025-10-13,763463
2025-10-14,763851
2025-10-15,764222
2025-10-16,764501
2025-10-17,764746
2025-10-18,764948
2025-10-19,765241
2025-10-20,765526
2025-10-21,765727
2025-10-22,765933
2025-10-23,766131
2025-10-24,766258
2025-10-25,766428
2025-10-26,766559
2025-10-27,766720
2025-10-28,766864
2025-10-29,767033
2025-10-30,767184
2025-10-31,767370
2025-11-01,767527
2025-11-02,767705
2025-11-03,767878
2025-11-04,767993
2025-11-05,768093
2025-11-06,768212
2025-11-07,768326
2025-11-08,768479
2025-11-09,768618
2025-11-10,768762
2025-11-11,768894
2025-11-12,769025
2025-11-13,769188
2025-11-14,769373
2025-11-15,769520
2025-11-16,769681
2025-11-17,769792
2025-11-18,769880
2025-11-19,769958
2025-11-20,770053
2025-11-21,770142
2025-11-22,770220
2025-11-23,770317
2025-11-24,770394
2025-11-25,770443
2025-11-26,770522
2025-11-27,770623
2025-11-28,770705
2025-11-29,770838
2025-11-30,770964
2025-12-01,771103
2025-12-02,771176
2025-12-03,771263
2025-12-04,771324
2025-12-05,771408
2025-12-06,771536
2025-12-07,771673
2025-12-08,771788
2025-12-09,771997
2025-12-10,772190
2025-12-11,772424
2025-12-12,772565
2025-12-13,772675
2025-12-14,772782
2025-12-15,772879
2025-12-16,772966
2025-12-17,773047
2025-12-18,773092
2025-12-19,773136
2025-12-20,773223
2025-12-21,773304
2025-12-22,773402
2025-12-23,773484
2025-12-24,773566
2025-12-25,773662
2025-12-26,773746
2025-12-27,773875
2025-12-28,773950
2025-12-29,774090
2025-12-30,774232
2025-12-31,774369
2026-01-01,774515
2026-01-02,774634
2026-01-03,774797
2026-01-04,775023
2026-01-05,775146
2026-01-06,775226
2026-01-07,775344
2026-01-08,775471
2026-01-09,775584
2026-01-10,775690
2026-01-11,775826
2026-01-12,776003
2026-01-13,776198
2026-01-14,776324
2026-01-15,776443
2026-01-16,776510
2026-01-17,776602
2026-01-18,776693
2026-01-19,776752
2026-01-20,776875
2026-01-21,776994
2026-01-22,777056
2026-01-23,777120
2026-01-24,777213
2026-01-25,777286
2026-01-26,777375
2026-01-27,777467
2026-01-28,777525
2026-01-29,777594
2026-01-30,777649
2026-01-31,777761
2026-02-01,777851
2026-02-02,777932
2026-02-03,778023
2026-02-04,778064
2026-02-05,778132
2026-02-06,778192
2026-02-07,778257
2026-02-08,778325
2026-02-09,778380
2026-02-10,778440
2026-02-11,778515
2026-02-12,778630
2026-02-13,778715
2026-02-14,778789
2026-02-15,778889
2026-02-16,778979
2026-02-17,779112
2026-02-18,779236
2026-02-19,779388
2026-02-20,779479
2026-02-21,779556
2026-02-22,779620
2026-02-23,779690
2026-02-24,779803
2026-02-25,779881
2026-02-26,779976
2026-02-27,780130
2026-02-28,780523
2026-03-01,780731
2026-03-02,780981
2026-03-03,781121
2026-03-04,781295
2026-03-05,781446
2026-03-06,781568
2026-03-07,781748
2026-03-08,781880
2026-03-09,782023
2026-03-10,782198
2026-03-11,782373
2026-03-12,782535
2026-03-13,782659
2026-03-14,782778
2026-03-15,782926
2026-03-16,783037
2026-03-17,783215
2026-03-18,783405
2026-03-19,783514
2026-03-20,783607
2026-03-21,783755
2026-03-22,783927
2026-03-23,784034
2026-03-24,784140
2026-03-25,784564
2026-03-26,784885
2026-03-27,785159
2026-03-28,785411
2026-03-29,785683
2026-03-30,785849
2026-03-31,786021
2026-04-01,786170
2026-04-02,786285
2026-04-03,786371
2026-04-04,786476
2026-04-05,786644
2026-04-06,786827
2026-04-07,787014
2026-04-08,787141
2026-04-09,787238
2026-04-10,787270
2026-04-11,787252
2026-04-12,787271
2026-04-13,787314
2026-04-14,787356
2026-04-15,787418
2026-04-16,787473
2026-04-17,787568
2026-04-18,787659
2026-04-19,787727
2026-04-20,787807
2026-04-21,787857
2026-04-22,787967
2026-04-23,788006
2026-04-24,788093
2026-04-25,788179
2026-04-26,788271
2026-04-27,788416
2026-04-28,788569
2026-04-29,788682
2026-04-30,788805
2026-05-01,788917
2026-05-02,789016
2026-05-03,789125
2026-05-04,789234
2026-05-05,789367
2026-05-06,789432
2026-05-07,789513
2026-05-08,789588
2026-05-09,789660
2026-05-10,789777
2026-05-11,789903
2026-05-12,790083
2026-05-13,790172
2026-05-14,790276
2026-05-15,790362
2026-05-16,790620
2026-05-17,790777
2026-05-18,790939
2026-05-19,791078
2026-05-20,791157
2026-05-21,791201
2026-05-22,791279
2026-05-23,791359
2026-05-24,791474
2026-05-25,791551
2026-05-26,791616
2026-05-27,791688
2026-05-28,791802
2026-05-29,791893
2026-05-30,791981
2026-05-31,792064
2026-06-01,792141
2026-06-02,792216
2026-06-03,792283
2026-06-04,792310
2026-06-05,792355
2026-06-06,792399
2026-06-07,792577
2026-06-08,792746
2026-06-09,792859
2026-06-10,792927
2026-06-11,793113
2026-06-12,793233
2026-06-13,793366
2026-06-14,793537
2026-06-15,793692
2026-06-16,793787
2026-06-17,793852
2026-06-18,793935
2026-06-19,793984
2026-06-20,794031
2026-06-21,794066
2026-06-22,794110
2026-06-23,794165
2026-06-24,794224
2026-06-25,794266
2026-06-26,794332
2026-06-27,794372
2026-06-28,794422
2026-06-29,794490
2026-06-30,794566
2026-07-01,794620
2026-07-02,794674
2026-07-03,794731
2026-07-04,794776
2026-07-05,794857
2026-07-06,794924
2026-07-07,795028
2026-07-08,795149
2026-07-09,795288
2026-07-10,795363
2026-07-11,795455
2026-07-12,795531
2026-07-13,795621
2026-07-14,795741
2026-07-15,795897
2026-07-16,796016
2026-07-17,796092
2026-07-18,796178
2026-07-19,796346
2026-07-20,796425
2026-07-21,796531
2026-07-22,796644
2026-07-23,796774
2026-07-24,796999
2026-07-25,797105
2026-07-26,797228
2026-07-27,797309
2026-07-28,797369
2026-07-29,797468
2026-07-30,797563
2026-07-31,797657
2026-08-01,797762
2026-08-02,797907
2026-08-03,798018
2026-08-04,798094
2026-08-05,798180
2026-08-06,798284
2026-08-07,798351
2026-08-08,798459
2026-08-09,798549
2026-08-10,798620
